Compound Name,Formula,Mass,RT,CAS ID,[Mass] 20211026_D6_rep01,[Mass] 20211026_D5_rep01,[Mass] 20211026_D4_rep01,[Mass] 20211026_D3_rep01,[Mass] 20211026_D2_rep01,[Mass] 20211026_D1_rep01,[Mass] 20211026_CTRL_S_rep01,[Mass] 20211026_CTRL_F_rep01,[Mass] 20211026_C6_rep01,[Mass] 20211026_C5_rep01,[Mass] 20211026_C4_rep01,[Mass] 20211026_C3_rep01,[Mass] 20211026_C2_rep01,[Mass] 20211026_C1_rep01,[Mass] 20211026_Blank_02,[Mass] 20211026_Blank_01,[Mass] 20211026_B6_rep01,[Mass] 20211026_B5_rep01,[Mass] 20211026_B4_rep01,[Mass] 20211026_B3_rep01,[Mass] 20211026_B2_rep01,[Mass] 20211026_B1_rep01,[Mass] 20211026_A6_rep01,[Mass] 20211026_A5_rep01,[Mass] 20211026_A4_rep01,[Mass] 20211026_A3_rep01,[Mass] 20211026_A2_rep01,[Mass] 20211026_A1_rep01,[RT] 20211026_D6_rep01,[RT] 20211026_D5_rep01,[RT] 20211026_D4_rep01,[RT] 20211026_D3_rep01,[RT] 20211026_D2_rep01,[RT] 20211026_D1_rep01,[RT] 20211026_CTRL_S_rep01,[RT] 20211026_CTRL_F_rep01,[RT] 20211026_C6_rep01,[RT] 20211026_C5_rep01,[RT] 20211026_C4_rep01,[RT] 20211026_C3_rep01,[RT] 20211026_C2_rep01,[RT] 20211026_C1_rep01,[RT] 20211026_Blank_02,[RT] 20211026_Blank_01,[RT] 20211026_B6_rep01,[RT] 20211026_B5_rep01,[RT] 20211026_B4_rep01,[RT] 20211026_B3_rep01,[RT] 20211026_B2_rep01,[RT] 20211026_B1_rep01,[RT] 20211026_A6_rep01,[RT] 20211026_A5_rep01,[RT] 20211026_A4_rep01,[RT] 20211026_A3_rep01,[RT] 20211026_A2_rep01,[RT] 20211026_A1_rep01,[Area] 20211026_D6_rep01,[Area] 20211026_D5_rep01,[Area] 20211026_D4_rep01,[Area] 20211026_D3_rep01,[Area] 20211026_D2_rep01,[Area] 20211026_D1_rep01,[Area] 20211026_CTRL_S_rep01,[Area] 20211026_CTRL_F_rep01,[Area] 20211026_C6_rep01,[Area] 20211026_C5_rep01,[Area] 20211026_C4_rep01,[Area] 20211026_C3_rep01,[Area] 20211026_C2_rep01,[Area] 20211026_C1_rep01,[Area] 20211026_Blank_02,[Area] 20211026_Blank_01,[Area] 20211026_B6_rep01,[Area] 20211026_B5_rep01,[Area] 20211026_B4_rep01,[Area] 20211026_B3_rep01,[Area] 20211026_B2_rep01,[Area] 20211026_B1_rep01,[Area] 20211026_A6_rep01,[Area] 20211026_A5_rep01,[Area] 20211026_A4_rep01,[Area] 20211026_A3_rep01,[Area] 20211026_A2_rep01,[Area] 20211026_A1_rep01,[Score (MFE)] 20211026_D6_rep01,[Score (MFE)] 20211026_D5_rep01,[Score (MFE)] 20211026_D4_rep01,[Score (MFE)] 20211026_D3_rep01,[Score (MFE)] 20211026_D2_rep01,[Score (MFE)] 20211026_D1_rep01,[Score (MFE)] 20211026_CTRL_S_rep01,[Score (MFE)] 20211026_CTRL_F_rep01,[Score (MFE)] 20211026_C6_rep01,[Score (MFE)] 20211026_C5_rep01,[Score (MFE)] 20211026_C4_rep01,[Score (MFE)] 20211026_C3_rep01,[Score (MFE)] 20211026_C2_rep01,[Score (MFE)] 20211026_C1_rep01,[Score (MFE)] 20211026_Blank_02,[Score (MFE)] 20211026_Blank_01,[Score (MFE)] 20211026_B6_rep01,[Score (MFE)] 20211026_B5_rep01,[Score (MFE)] 20211026_B4_rep01,[Score (MFE)] 20211026_B3_rep01,[Score (MFE)] 20211026_B2_rep01,[Score (MFE)] 20211026_B1_rep01,[Score (MFE)] 20211026_A6_rep01,[Score (MFE)] 20211026_A5_rep01,[Score (MFE)] 20211026_A4_rep01,[Score (MFE)] 20211026_A3_rep01,[Score (MFE)] 20211026_A2_rep01,[Score (MFE)] 20211026_A1_rep01,[Score (Tgt)] 20211026_D6_rep01,[Score (Tgt)] 20211026_D5_rep01,[Score (Tgt)] 20211026_D4_rep01,[Score (Tgt)] 20211026_D3_rep01,[Score (Tgt)] 20211026_D2_rep01,[Score (Tgt)] 20211026_D1_rep01,[Score (Tgt)] 20211026_CTRL_S_rep01,[Score (Tgt)] 20211026_CTRL_F_rep01,[Score (Tgt)] 20211026_C6_rep01,[Score (Tgt)] 20211026_C5_rep01,[Score (Tgt)] 20211026_C4_rep01,[Score (Tgt)] 20211026_C3_rep01,[Score (Tgt)] 20211026_C2_rep01,[Score (Tgt)] 20211026_C1_rep01,[Score (Tgt)] 20211026_Blank_02,[Score (Tgt)] 20211026_Blank_01,[Score (Tgt)] 20211026_B6_rep01,[Score (Tgt)] 20211026_B5_rep01,[Score (Tgt)] 20211026_B4_rep01,[Score (Tgt)] 20211026_B3_rep01,[Score (Tgt)] 20211026_B2_rep01,[Score (Tgt)] 20211026_B1_rep01,[Score (Tgt)] 20211026_A6_rep01,[Score (Tgt)] 20211026_A5_rep01,[Score (Tgt)] 20211026_A4_rep01,[Score (Tgt)] 20211026_A3_rep01,[Score (Tgt)] 20211026_A2_rep01,[Score (Tgt)] 20211026_A1_rep01
2_2_Dimethylsuccinic_acid,C6 H10 O4,146.057,12.53,,146.0569,146.0571,,,,146.0571,146.0573,,,146.057,,,146.057,146.057,146.0563,146.0563,146.057,,146.0569,146.0568,146.057,146.0572,,146.057,146.057,146.0568,,146.0565,12.528,12.535,,,,12.56,12.546,,,12.521,,,12.52,12.545,12.44,12.49,12.527,,12.559,12.524,12.53,12.544,,12.547,12.521,12.535,,12.294,13835,25027,,,,50483,13471,,,43072,,,28341,32855,266690,114280,21567,,16015,26683,21279,33038,,22889,20401,23734,,5071,,,,,,,,,,,,,,,,,,,,,,,,,,,,,79.23,82.34,,,,84.81,85.21,,,81.37,,,82.89,81.32,63.5,69.93,80.78,,81.85,82.66,85.66,85.63,,80.46,83.33,83.17,,73.42
2_Isopropylmalic_acid,C7 H12 O5,176.0683,13.1,,176.0682,176.0683,,,,176.0683,176.0694,,,176.0682,,,176.0683,176.0682,176.0684,176.0685,176.0683,,176.0681,176.0682,176.0683,176.0683,176.0682,176.0682,176.0683,176.0681,,176.0683,13.085,13.104,,,,13.108,12.82,,,13.087,,,13.085,13.111,13.064,13.105,13.101,,13.116,13.098,13.095,13.101,13.112,13.112,13.087,13.11,,13.083,7048255,6689620,,,,6770944,36763,,,6921602,,,6252660,6619989,15245375,4091058,6696339,,7084128,6698244,6289916,6517126,7076801,7052151,6806419,6934996,,6875438,,,,,,,,,,,,,,,,,,,,,,,,,,,,,85.98,86.51,,,,86.68,68.48,,,85.88,,,86.75,85.88,86.61,86.73,86.44,,85.61,86.15,86.58,86.54,85.93,86.04,86.22,85.69,,86.26
3_Methylglutaric_acid,C6 H10 O4,146.057,12.55,,146.0569,,146.0573,146.0569,146.0571,146.0571,146.0573,146.0572,,146.057,,146.057,146.057,146.057,146.0563,146.0563,146.057,,146.0569,146.0568,146.057,146.0572,146.0568,146.057,146.057,146.0568,146.0569,,12.528,,12.573,12.574,12.575,12.56,12.546,12.564,,12.521,,12.564,12.52,12.545,12.44,12.49,12.527,,12.559,12.524,12.53,12.544,12.563,12.547,12.521,12.535,12.567,,13835,,44513,20982,12230,50483,13471,20445,,43072,,20869,28341,21630,281066,114280,21567,,25639,26683,21279,37901,24194,22889,20401,21105,61731,,,,,,,,,,,,,,,,,,,,,,,,,,,,,,79.23,,84.35,82.78,78.58,84.81,85.21,81.07,,81.37,,77.35,82.89,81.92,63.5,69.93,80.78,,82.56,82.66,85.66,85.17,80.24,80.46,83.33,82.99,81.03,
3_Methyl_2_oxovaleric_acid,C6 H10 O3,130.0627,13.38,,130.0627,130.0629,,,,,,130.063,,,,,,,,,,,130.0627,130.0627,,,130.0626,130.0628,130.0628,130.0627,130.0627,,13.351,13.383,,,,,,13.403,,,,,,,,,,,13.39,13.381,,,13.386,13.403,13.378,13.366,13.406,,156931,40412,,,,,,156550,,,,,,,,,,,163353,143455,,,180975,164978,123373,163999,161841,,,,,,,,,,,,,,,,,,,,,,,,,,,,,,81.19,81.56,,,,,,82.8,,,,,,,,,,,82.29,82.57,,,83.37,82.2,83.89,82.44,82.65,
4_Methyl_2_oxovaleric_acid,C6 H10 O3,130.0629,13.69,,130.0627,130.0629,130.0629,130.0629,130.0628,130.063,130.0629,130.063,130.0629,130.0627,130.0628,130.0629,130.063,130.0626,130.063,130.0629,130.0629,130.063,130.0627,130.0627,130.0629,130.0629,130.0627,130.0628,130.0629,130.0627,130.0627,130.0629,13.667,13.691,13.728,13.704,13.714,13.699,13.702,13.711,13.702,13.669,13.71,13.703,13.667,13.693,13.679,13.679,13.683,13.704,13.706,13.688,13.686,13.691,13.702,13.694,13.677,13.682,13.706,13.665,1145221,1161071,1151167,1218524,1156945,1314378,1144024,1163253,1200853,1186320,1177917,1220950,1144283,1075139,1842558,763489,1132175,1284093,1177611,1182593,1179337,1160914,1297195,1182539,1252166,1164632,1282829,1240730,,,,,,,,,,,,,,,,,,,,,,,,,,,,,87.21,87.23,87.36,87.37,87.22,87.32,87.36,87.45,87.4,87.07,87.23,87.4,87.43,87.05,87.15,87.4,87.24,87.41,87.1,87.2,87.3,87.29,87.08,87.27,87.24,87.27,87.2,87.24
5_Deoxy_5_methylthioadenosine,C11 H15 N5 O3 S,297.089,10.61,,,297.0889,,,297.0886,,,,,,,,297.0887,,,297.0901,,297.0893,,,297.0889,,,297.0893,,,297.089,,,10.581,,,10.646,,,,,,,,10.557,,,10.353,,10.636,,,10.601,,,10.618,,,10.621,,,4175,,,22210,,,,,,,,21525,,,57216,,6051,,,21155,,,4640,,,15397,,,,,,,,,,,,,,,,,,,,,,,,,,,,,,,61.78,,,63.34,,,,,,,,60.21,,,63.81,,60.08,,,59.99,,,63.78,,,61.23,
Acetyl_coenzyme_A,C23 H38 N7 O17 P3 S,809.1229,14.47,,809.1229,809.1229,809.1233,809.123,809.1227,809.123,809.1192,809.1221,809.1228,809.123,809.1234,809.123,809.1228,809.1228,809.1197,809.1207,809.1229,809.123,809.123,809.1229,809.123,809.123,809.1231,809.1229,809.123,809.1231,809.1233,809.1229,14.457,14.456,14.493,14.478,14.479,14.472,14.616,14.626,14.475,14.467,14.492,14.485,14.457,14.466,14.635,14.618,14.473,14.469,14.471,14.461,14.459,14.473,14.475,14.476,14.459,14.455,14.471,14.439,54117,56691,17537,61270,41932,51753,2153,1164,47032,54311,44095,66000,51894,45047,4302,1537,45661,55231,37686,64813,51034,32118,61080,42539,35437,47570,43840,39953,,,,,,,,,,,,,,,,,,,,,,,,,,,,,89.88,90.29,86.71,91.44,89.55,91.83,68.78,69.03,90.77,90.53,92.4,91.28,90.28,90.08,68,68.96,90.68,91.81,89.74,91.06,89.68,89.25,91.32,90.21,90.39,91.49,91.23,88.9
Adipic_acid,C6 H10 O4,146.057,12.55,,146.0569,,146.0573,146.057,146.0571,146.0571,146.0573,146.0572,,146.057,146.0571,146.057,146.057,146.057,146.0563,146.0563,146.057,,146.0569,146.0568,146.057,146.0572,146.0568,146.057,146.057,146.0568,146.0569,,12.528,,12.573,12.574,12.575,12.56,12.546,12.564,,12.521,12.571,12.564,12.52,12.545,12.44,12.49,12.527,,12.559,12.524,12.53,12.544,12.563,12.547,12.521,12.535,12.567,,13835,,44513,45398,12230,50483,13471,20445,,43072,21002,10083,28341,21630,281066,114280,21567,,25639,26683,21279,37901,24194,22889,20401,21105,61731,,,,,,,,,,,,,,,,,,,,,,,,,,,,,,79.23,,84.35,81.07,78.58,84.81,85.21,81.07,,81.37,78.93,77.32,82.89,81.92,63.5,69.93,80.78,,82.56,82.66,85.66,85.17,80.24,80.46,83.33,82.99,81.03,
ADP,C10 H15 N5 O10 P2,427.0276,12.65,,427.0275,427.0277,427.0277,427.0278,427.0277,427.0279,,,427.0277,427.0275,427.0277,427.0276,427.0276,427.0275,,427.0272,427.0277,427.0276,427.0274,427.0276,427.0277,427.0279,427.0276,427.0275,427.0276,427.0275,427.0275,427.0262,12.627,12.643,12.689,12.673,12.683,12.659,,,12.662,12.621,12.679,12.664,12.628,12.645,,12.631,12.635,12.664,12.659,12.649,12.638,12.652,12.663,12.655,12.629,12.651,12.666,12.626,109357,97916,53460,99601,69764,83636,,,78173,101896,131363,109546,85708,92807,,10343,77559,132095,93042,94715,77085,88781,97944,115138,103129,61388,61232,65963,,,,,,,,,,,,,,,,,,,,,,,,,,,,,91.62,92.5,92.06,93.35,92.77,93.55,,,92.66,91.62,92.5,91.69,92.14,91.19,,68.56,92.15,92.3,91.04,92.08,92.18,93.79,92.69,91.52,92.41,90.37,90.68,77.9
Allantoin,C4 H6 N4 O3,158.0443,1.04,,,158.0438,158.0435,,158.0444,158.0432,,,,158.045,158.044,,,158.0449,,,,158.0438,158.0454,,158.0438,158.0443,,158.0445,158.0442,,158.0447,158.0444,,1.061,1.073,,1.068,1.052,,,,1.039,1.03,,,1.08,,,,1.057,1.035,,1.039,1.028,,1.039,1.047,,1.042,1.044,,3248,18928,,16053,10328,,,,4850,4073,,,23672,,,,10317,3597,,3047,1638,,4664,11294,,4357,9025,,,,,,,,,,,,,,,,,,,,,,,,,,,,,,69.98,69.78,,69.08,68.66,,,,70.67,71.19,,,75.76,,,,73.13,69.86,,69.92,72.64,,74.42,71.92,,71.96,77.31
alpha_Ketoglutaric_acid,C5 H6 O5,146.0213,11.47,,146.021,146.0217,146.0215,146.0211,146.0215,146.0213,,146.019,146.021,146.0214,146.0215,146.0213,146.0217,146.0209,,,146.0212,146.0217,146.0212,146.0211,146.0217,146.021,146.021,146.0216,146.0215,146.0209,146.0215,146.0212,11.447,11.454,11.517,11.484,11.494,11.479,,11.366,11.482,11.44,11.49,11.483,11.447,11.473,,,11.454,11.481,11.478,11.46,11.457,11.463,11.482,11.474,11.449,11.454,11.494,11.437,429797,3954959,758049,497092,4198428,453837,,18137,223517,4185353,971133,496933,4113848,426364,,,348678,4164932,859531,473237,4751741,314753,403283,2945881,1108310,395247,4067517,326342,,,,,,,,,,,,,,,,,,,,,,,,,,,,,86.65,87.22,87.32,87.12,87.42,87.09,,68.78,84.96,87.3,87.43,87.16,87.18,86.63,,,86.6,87.19,87.17,87.22,87.19,86.6,86.58,87.2,87.37,86.16,87.36,86.09
AMP,C10 H14 N5 O7 P,347.0617,10.08,,347.0615,347.0615,347.0616,347.0617,347.0616,347.0618,,347.0614,347.0617,347.0616,347.0618,347.0618,347.0618,347.0616,347.0617,347.0625,347.0612,347.0618,347.0616,347.0617,347.0616,347.0619,347.0615,347.0618,347.0618,347.0615,347.0617,347.0599,10.033,10.024,10.111,10.096,10.106,10.09,,10.119,10.085,10.035,10.085,10.086,10.034,10.084,9.994,10.054,10.049,10.087,10.098,10.063,10.044,10.066,10.093,10.077,10.052,10.04,10.097,10.032,83683,61128,52589,99697,50866,77610,,10530,47644,64275,103600,111476,76883,65402,97187,29809,51148,88502,73754,79231,63052,127380,76600,86904,71963,48485,56492,70119,,,,,,,,,,,,,,,,,,,,,,,,,,,,,79.82,78.68,74.72,80.56,80.8,81.72,,65.49,80.93,80.09,80.55,81.16,81.12,78.85,72.07,68.57,69.52,95.46,79.09,80.49,80.67,95.45,78.66,80.2,80.55,73.96,78.18,66.71
ATP,C10 H16 N5 O13 P3,506.994,13.73,,506.994,506.9941,506.9938,506.994,506.994,506.9941,506.9941,506.9938,506.9942,506.9941,506.994,506.9941,506.9939,506.994,506.9951,,506.9942,506.9942,506.9938,506.9942,506.9941,506.9941,506.9941,506.9939,506.9939,506.994,506.994,,13.717,13.724,13.761,13.738,13.756,13.74,13.718,13.744,13.743,13.71,13.752,13.745,13.709,13.726,13.759,,13.724,13.737,13.74,13.721,13.727,13.724,13.735,13.728,13.71,13.724,13.722,,432931,411930,93329,433130,284461,328890,23204,32943,388648,456517,351417,431527,332204,364704,18523,,435156,395963,292940,488966,330064,320493,514942,302712,289099,356514,285026,,,,,,,,,,,,,,,,,,,,,,,,,,,,,,92.21,93.33,91.89,93.41,92.8,93.62,89.3,89.8,94.09,93.46,92.67,93.68,92.91,92.1,70.29,,93.91,93.89,91.38,93.56,93.89,94.25,92.61,91.83,92.39,92.66,92.63,
Caprylic_acid,C8 H16 O2,144.1147,16.13,,144.115,144.1146,144.1142,144.1146,144.1148,144.1144,144.1145,144.1143,144.1143,144.1151,144.1147,144.1145,144.1144,144.115,144.1147,144.1147,144.1146,144.1146,144.115,144.115,144.1146,144.1146,144.1151,144.1149,144.1147,144.1149,144.115,144.1147,16.128,16.135,16.023,16.141,16.134,16.135,16.138,16.023,16.138,16.138,16.138,16.139,16.128,16.137,15.931,16.007,16.144,16.132,16.126,16.133,16.13,16.136,16.138,16.139,16.146,16.143,16.133,15.919,187023,159326,95302,113025,211789,222127,184455,80221,199931,198872,259259,114351,193330,130447,1336884,35699,165857,153185,136806,161958,183789,140372,212822,175724,214230,191502,299301,862593,,,,,,,,,,,,,,,,,,,,,,,,,,,,,84.04,84.29,79.13,83.54,83.65,83.78,84.41,78.99,83.66,83.7,83.85,84.64,83.76,85.04,81.23,82.14,84.41,84.36,85.47,85.2,84.64,84.63,84.33,84.9,84.6,85.37,84.62,80.72
Cellobiose,C12 H22 O11,342.1151,1.37,,,342.1155,,342.1151,342.1151,342.1152,342.1112,342.1143,,342.1155,,342.1157,342.1152,342.1149,342.1149,342.1148,,,,342.1157,342.1151,342.115,,,,342.1158,342.115,342.1147,,1.319,,1.382,1.376,1.376,1.479,1.447,,1.321,,1.389,1.37,1.379,1.339,1.34,,,,1.366,1.388,1.369,,,,1.36,1.375,1.368,,3510953,,560582,532543,463365,10951,73452,,3804764,,505772,399455,509340,427340,504334,,,,488086,407064,359166,,,,395781,400969,396289,,,,,,,,,,,,,,,,,,,,,,,,,,,,,,95.65,,82.62,82.18,82.66,30.76,73.77,,97.61,,97.44,80.19,81.38,78.62,78.27,,,,83.36,93.6,81.42,,,,82.49,80.08,73.98
Citramalic_acid,C5 H8 O5,148.0372,10.97,,148.0371,148.0372,148.0372,148.0373,148.0372,148.0372,,148.0375,148.0372,148.0371,148.0372,148.0373,148.0372,148.0371,148.0372,148.037,148.0372,148.0373,148.0372,148.0373,148.0372,148.0373,148.0372,148.0372,148.0372,148.0372,148.0372,148.0372,10.948,10.955,11.034,11.002,10.862,10.996,,10.851,10.999,10.959,10.999,10.992,10.94,10.991,10.92,10.943,10.964,10.993,11.005,10.969,10.967,10.981,11,10.984,10.966,10.955,11.007,10.947,1674272,9084140,4541318,2166389,1371676,7000592,,169583,950696,9560770,5447792,1911484,8886783,7506114,1185398,89690,1281353,9633572,4575205,2050471,10568058,5016053,1486438,6934712,5763440,1441638,9520838,5631181,,,,,,,,,,,,,,,,,,,,,,,,,,,,,87.47,87.29,87.6,87.34,87.48,87.56,,78.33,87.22,87.4,87.32,87.48,87.47,87.41,81.57,81.54,87.44,87.35,87.46,87.37,87.23,87.42,87.44,87.38,87.36,87.34,87.41,87.33
X2HG,C5 H8 O5,148.0372,10.84,,148.0371,148.0374,148.0368,148.0373,148.0372,148.0372,148.0369,148.0375,148.0371,148.0373,148.0373,148.0373,148.0372,148.0371,148.0372,148.037,148.0371,148.0374,148.0369,148.0373,148.0372,148.0371,148.037,148.0375,148.0371,148.0371,148.0371,148.0372,10.948,10.789,10.876,10.836,10.862,10.838,10.842,10.851,10.833,10.783,10.841,10.834,10.94,10.824,10.92,10.943,10.798,10.835,10.838,10.803,10.801,10.814,10.842,10.826,10.8,10.789,10.837,10.772,1666696,132201,192651,2658747,1371527,1278405,116255,169583,964778,156931,280692,2619037,8886783,1523813,1185398,92547,923659,163114,230791,2109855,1306916,937904,1011799,139060,308506,1741616,1456117,1169592,,,,,,,,,,,,,,,,,,,,,,,,,,,,,87.47,86.65,83.37,87.17,87.48,87.27,67.5,78.33,87.24,87.43,85.79,87.01,87.47,87.46,81.57,81.54,87.33,78.84,83.88,87.34,87.32,87.4,87.36,86.48,85.98,87.46,87.48,87.39
Citric_acid,C6 H8 O7,192.027,12.54,,192.027,192.0271,192.0272,192.0271,192.0269,192.027,192.027,192.027,192.0271,192.0269,192.027,192.027,192.0271,192.0269,192.0254,192.0243,192.0271,192.027,192.0269,192.0269,192.027,192.0271,192.027,192.0269,192.0271,192.0269,192.0269,192.027,12.511,12.527,12.573,12.549,12.567,12.543,12.546,12.555,12.554,12.513,12.554,12.547,12.511,12.537,12.666,12.681,12.527,12.548,12.551,12.533,12.522,12.527,12.546,12.539,12.521,12.535,12.558,12.51,1242996,2445243,1283343,1924922,2292704,2823789,400287,591117,1406154,2271644,1982345,1867740,2510422,2494221,22179282,3288045,1570301,2291456,1828292,1761607,2587939,2465030,1123229,2117950,1772238,1713066,2122962,3298147,,,,,,,,,,,,,,,,,,,,,,,,,,,,,86.86,86.83,86.49,87.15,86.91,87.01,86.83,86.8,86.6,87.09,86.77,86.81,86.72,86.87,76.1,63.07,86.75,86.77,86.83,87.19,86.85,86.94,86.62,86.84,86.76,86.82,86.81,86.86
Isocitrate,C6 H8 O7,192.0267,11.79,,192.0265,192.027,192.0264,192.0268,192.0267,192.0267,,,192.0266,192.0267,192.0268,192.0268,192.027,192.0265,,,192.0265,192.027,192.0265,192.0267,192.0266,192.027,192.0265,192.0269,192.0267,192.0265,192.0267,192.0266,11.779,11.787,11.857,11.817,11.827,11.72,,,11.823,11.789,11.831,11.807,11.78,11.714,,,11.787,11.808,11.819,11.793,11.699,11.795,11.806,11.799,11.781,11.786,11.827,11.678,276345,1963803,158058,983526,1364234,337285,,,309996,1711003,1064392,1219137,2046748,301473,,,455879,1840756,896380,1115953,213302,1823622,212274,1705397,938749,933841,1546804,208769,,,,,,,,,,,,,,,,,,,,,,,,,,,,,85.23,86.67,85.13,86.53,86.53,97.96,,,85.89,86.29,86.46,86.63,86.65,96.14,,,96.91,86.6,85.74,86.4,95.31,86.63,84.46,86.68,86.37,85.68,86.5,94.88
Creatinine,C4 H7 N3 O,113.0587,1.16,,113.0588,113.0585,113.0582,113.0588,113.0588,113.0588,,113.0582,113.0584,113.0592,113.0586,113.0586,113.0587,113.0591,113.0584,113.0587,113.0583,113.0586,113.0586,113.0586,113.0587,113.0588,113.0587,113.0585,113.0587,113.0597,113.059,113.0589,1.162,1.161,1.157,1.166,1.168,1.169,,1.114,1.155,1.172,1.163,1.173,1.154,1.163,1.079,1.107,1.153,1.174,1.168,1.15,1.164,1.153,1.163,1.164,1.163,1.152,1.167,1.16,76797,13614,11187,164176,45370,100610,,34429,68136,19066,42945,191349,56817,75460,218066,108767,55544,21770,32881,198708,55193,94283,97370,11466,26948,142891,42068,75663,,,,,,,,,,,,,,,,,,,,,,,,,,,,,67.76,67.21,61.79,68.2,66.34,66.07,,64.42,61.12,68.49,67.1,61.11,68.15,68.3,57.74,67.54,63.73,67.39,64.68,66.99,67.48,67.78,64.34,68.3,67.22,64.68,68.46,68.35
CTP,C9 H16 N3 O14 P3,482.9823,13.39,,482.9822,482.982,482.9834,482.9823,482.9826,482.9799,,,482.9825,482.9819,482.9788,482.9823,482.9823,482.9822,,,482.9823,482.9822,482.9824,482.9825,482.9824,482.9825,482.9822,482.9825,482.9823,482.9821,482.9806,482.9821,13.367,13.366,13.429,13.397,13.407,13.391,,,13.411,13.369,13.394,13.395,13.376,13.402,,,13.375,13.404,13.39,13.372,13.378,13.375,13.386,13.395,13.361,13.375,13.406,13.325,52397,35348,7112,63561,26571,26461,,,43971,39704,23529,58027,30304,30458,,,47718,28587,16979,62665,26674,16810,58208,20957,16697,47962,21022,14711,,,,,,,,,,,,,,,,,,,,,,,,,,,,,84.57,68.67,74.18,84.92,82.99,67.17,,,88.33,73.14,63.37,82.56,81.99,77.61,,,87.41,75.95,67.21,87.51,81.01,83.11,85.84,66.55,76.75,68.29,66.68,67.07
Cytosine,C4 H5 N3 O,111.0432,1.14,,111.0431,111.043,111.0431,111.0438,111.0435,111.0426,,111.0425,111.0422,111.0436,111.0435,111.0432,111.0438,111.0434,,111.043,111.0426,111.043,111.0438,111.0432,,111.0432,,111.0432,111.0431,111.0441,,111.0433,1.203,1.161,1.356,1.133,1.159,1.085,,1.123,1.122,1.097,1.321,1.098,1.303,1.138,,1.207,1.128,1.157,1.151,1.141,,1.095,,1.147,1.114,1.127,,1.135,1734,13098,4913,4106,11147,17120,,889,4407,1932,3242,4406,4441,5137,,2619,2161,6470,7157,2099,,16669,,1977,10539,6203,,12112,,,,,,,,,,,,,,,,,,,,,,,,,,,,,68.55,66.95,66.35,63.3,68.51,65.52,,67.96,64.77,70.53,66.26,65.99,68.04,68.9,,67.17,67.98,67.36,67.8,68.41,,68.53,,78.14,71.89,59.87,,68.4
D_2_Phosphoglyceric_acid,C3 H7 O7 P,185.9927,12.15,,185.9926,185.9928,185.9929,185.9927,185.9926,185.9929,,,185.9928,185.9926,185.9927,185.9929,185.9927,185.9926,185.9924,185.9954,185.9927,185.9929,185.9927,185.9927,185.9927,185.9926,185.9927,185.9927,185.9927,185.9926,185.9926,185.9927,12.112,12.136,12.19,12.15,12.176,12.152,,,12.155,12.122,12.164,12.156,12.121,12.146,12.146,12.149,12.128,12.149,12.16,12.133,12.139,12.145,12.147,12.148,12.122,12.136,12.167,12.119,218220,326606,86144,279937,198673,253977,,,214475,306348,215654,239509,217986,267399,64784,29523,213354,288849,216328,295158,197970,144992,315657,291567,262550,254804,204328,216933,,,,,,,,,,,,,,,,,,,,,,,,,,,,,86.4,86.92,87.03,86.9,86.69,87,,,86.99,86.54,86.71,87.01,86.96,86.51,74.54,75.81,86.9,87,86.4,86.71,86.88,86.53,86.74,86.67,86.75,86.44,86.44,86.84
D_Arabinose_5_phosphate,C5 H11 O8 P,230.0183,6.97,,230.0183,230.0185,230.0186,230.0184,230.0185,230.0183,,,230.0185,230.0182,230.0182,230.0187,230.0183,230.018,230.0182,,230.0185,230.0182,230.0183,230.0184,230.0182,230.0182,230.0183,230.0183,230.0179,230.0184,230.0181,230.0181,6.982,6.831,6.96,6.911,6.938,7.055,,,6.917,6.967,7.033,6.918,6.974,7.016,6.96,,6.873,7.044,6.905,6.854,6.992,7.006,7.042,6.893,6.984,6.856,7.054,6.989,126549,27092,18003,104838,25371,106966,,,55971,60120,88047,82841,40840,48546,9722,,41806,86173,41081,79180,64853,91539,180046,29379,90913,64587,68497,79320,,,,,,,,,,,,,,,,,,,,,,,,,,,,,84.17,84.29,65.77,84.57,78.5,82.72,,,85.57,83.26,83.13,85.62,84.16,80.34,68.95,,84.92,82.69,78.54,84.07,84,78.75,84.51,83.58,79.86,84.12,83.01,77.24
D_Fructose_1_6_bisphosphate,C6 H14 O12 P2,339.9953,12.13,,339.9949,339.995,339.9952,339.9956,339.9952,339.9956,,,339.995,339.9949,339.9954,339.9956,339.9954,339.9955,,339.9956,339.9953,339.9951,339.9951,339.9956,339.9954,339.9955,339.9951,339.9949,339.9953,339.9955,339.9953,339.9956,12.095,12.119,12.173,12.133,12.16,12.135,,,12.139,12.105,12.147,12.132,12.112,12.13,,12.165,12.111,12.141,12.143,12.117,12.123,12.128,12.131,12.131,12.105,12.127,12.151,12.102,187095,113876,225779,822735,338101,1003142,,,183123,95006,479014,801852,528884,973182,,65818,279000,108680,357520,1021297,377072,666071,228745,96387,290014,1002133,418596,772020,,,,,,,,,,,,,,,,,,,,,,,,,,,,,81.54,81.82,82.83,83.79,82.58,84.12,,,81.92,79.9,83.35,84.07,83.69,83.64,,81.09,82.93,82.51,82.43,84.25,83.58,83.79,82.23,81.29,82.67,83.84,83.19,83.84
D_Glucose_6_phosphate,C6 H13 O9 P,260.0292,5.91,,260.0296,260.0297,260.0292,,260.0292,260.0294,,,260.0292,260.0295,,,260.029,,,,,260.0293,260.0291,260.0288,260.0291,,,,,260.0286,,260.0291,5.934,5.933,5.68,,5.674,5.683,,,5.653,5.919,,,5.91,,,,,5.672,5.699,5.922,5.945,,,,,5.941,,5.916,5719788,6016263,639975,,631912,1105138,,,668833,6064770,,,166728,,,,,677239,651275,196818,198934,,,,,264684,,213701,,,,,,,,,,,,,,,,,,,,,,,,,,,,,85.86,86.02,85.09,,85.09,85.78,,,85.34,85.71,,,82.31,,,,,85.34,84.41,82.42,82.25,,,,,80.04,,77.67
D_Gluconic_acid,C6 H12 O7,196.0578,4.31,,196.0576,196.0579,,,,,,,,196.0576,,,196.0578,,,,196.0578,,,196.0578,196.0579,,,,196.0578,196.0577,,196.0578,4.313,4.295,,,,,,,,4.281,,,4.288,,,,4.337,,,4.309,4.332,,,,4.331,4.295,,4.311,22588,18935,,,,,,,,31204,,,320018,,,,30926,,,316714,423025,,,,64928,277639,,264436,,,,,,,,,,,,,,,,,,,,,,,,,,,,,74.78,80.37,,,,,,,,78.9,,,85.55,,,,78.5,,,85.29,86.16,,,,81.62,85.14,,85.42
D_Maltose,C12 H22 O11,342.1155,1.34,,342.1155,342.1155,342.1156,342.1151,342.1151,342.1152,,,342.1157,342.1155,342.1155,342.1157,342.1152,342.1149,342.1149,342.1148,342.1156,342.1156,342.1154,342.1157,342.1151,342.115,342.1155,342.1155,342.1156,342.1158,342.115,342.1147,1.27,1.319,1.298,1.382,1.376,1.376,,,1.271,1.321,1.305,1.389,1.37,1.379,1.339,1.34,1.311,1.273,1.276,1.366,1.388,1.369,1.28,1.272,1.313,1.36,1.375,1.368,4070377,3510953,3320313,560582,532380,463365,,,3742816,3804764,3461586,505772,399455,509340,404436,501121,3370440,3710733,3236488,488006,407064,359166,3504523,3274384,3519219,395781,394354,394237,,,,,,,,,,,,,,,,,,,,,,,,,,,,,94.88,95.65,95.68,82.62,82.18,82.66,,,96.15,97.61,97.93,97.44,80.19,81.38,78.62,78.27,95.6,95.93,97.11,83.36,93.6,81.42,97.65,97.93,95.21,82.49,80.08,73.98
D_Mannose,C6 H12 O6,180.0633,1.31,,180.0632,180.0633,180.0634,180.0631,180.0633,180.0633,180.0627,180.0632,180.0634,180.0632,180.0634,180.0634,180.0633,180.0632,180.0639,180.0631,180.0633,180.0634,180.0631,180.0633,180.0633,180.0633,180.0632,180.0633,180.0633,180.0631,180.0632,180.0633,1.286,1.31,1.298,1.341,1.334,1.327,1.271,1.314,1.305,1.271,1.305,1.331,1.312,1.354,1.339,1.298,1.302,1.332,1.309,1.324,1.322,1.294,1.305,1.297,1.28,1.31,1.35,1.293,20064713,19121905,17830715,19921316,21149655,19788295,15623,593986,19900610,18538532,18370754,19575065,18202341,20588256,911328,800367,18308751,19786527,18519974,18471037,20000431,16751639,18616456,18126698,20022806,17344315,18857869,18832621,,,,,,,,,,,,,,,,,,,,,,,,,,,,,87.28,97.25,87.38,87.12,87.36,87.3,76.93,86.19,87.35,96.06,87.31,87.35,87.28,87.19,87.14,87,94.3,87.36,86.99,87.31,87.35,87.34,94.82,95.1,95.24,87.15,87.27,87.31
D_Mannose_1_phosphate,C6 H13 O9 P,260.0291,7.14,,260.0295,260.0292,260.0294,260.0284,260.0296,260.029,,260.0298,,260.0281,260.029,260.0291,260.0291,260.0285,260.0297,,260.0295,,260.0285,260.0292,260.0291,260.0293,260.029,260.0294,260.0292,260.0285,260.0283,260.0291,7.098,7.097,7.21,7.178,7.212,7.18,,7.068,,7.325,7.183,7.184,7.082,7.149,7.08,,7.122,,7.196,7.12,7.117,7.131,7.158,7.151,7.108,7.114,7.179,7.114,10504,7910,9204,58593,30315,100392,,3169,,7976,15402,53564,61671,75286,79252,,17467,,12945,56980,41792,51754,6633,11455,9471,49749,53669,74993,,,,,,,,,,,,,,,,,,,,,,,,,,,,,70.39,71.6,66.36,76.62,67.21,81.27,,67.75,,62.14,68.55,77.86,77.12,77.66,67.43,,68.04,,72.01,79.53,73.07,78.32,67.95,65.54,67.55,76.55,76.03,77.44
D_Xylose,C5 H10 O5,150.0531,1.32,,150.0546,150.0543,150.0539,150.0531,150.0526,150.054,150.0529,150.0528,150.0547,150.0529,150.0527,150.0541,150.0528,150.0527,,150.0506,150.0548,150.0542,150.0531,150.0527,150.0541,150.0553,150.0532,150.0528,150.0526,150.0532,150.0528,150.0527,1.286,1.319,1.323,1.341,1.342,1.327,1.205,1.206,1.296,1.321,1.321,1.323,1.337,1.337,,1.381,1.286,1.332,1.326,1.324,1.33,1.311,1.305,1.305,1.321,1.335,1.342,1.335,707156,556209,525011,630227,608088,644928,9059,3176,640157,560896,530982,600507,525400,626762,,35878,668673,590365,539424,581654,625251,499430,586260,497874,563713,477704,571219,558044,,,,,,,,,,,,,,,,,,,,,,,,,,,,,62.6,66.4,68.73,70.97,66.92,74.07,62.63,64.85,65.22,73.57,68.03,70.7,62.86,74.08,,55.91,64.03,69.84,72.73,68.84,64.5,60.9,82.09,70.84,70.37,71.62,65.99,71.6
D_Xylulose_5_phosphate,C5 H11 O8 P,230.0182,7.02,,230.0183,230.0182,230.0179,230.0182,230.018,230.0183,,,230.0183,230.0182,230.0182,230.0185,230.0182,230.018,230.0182,,230.0185,230.0182,230.0179,230.0183,230.0182,230.0183,230.0183,230.0182,230.0179,230.0183,230.0181,230.0181,6.982,6.972,7.085,7.045,7.088,7.055,,,7.058,6.967,7.033,7.043,6.974,7.016,6.96,,7.006,7.044,7.046,6.995,6.992,7.006,7.042,7.043,6.984,6.989,7.054,6.989,135677,79455,47230,212394,65339,106966,,,131453,59360,81214,195069,42195,52684,11637,,102878,85645,86327,157235,62962,88847,163151,90792,85325,128805,72534,72662,,,,,,,,,,,,,,,,,,,,,,,,,,,,,84.17,83.1,69.97,83.7,80.74,82.72,,,84.71,83.13,83.06,84.72,84.11,80.01,68.95,,84.49,82.69,82.44,84.05,84,82.31,84.47,82.96,79.86,83.92,83.01,77.24
Dihydroxyacetone_phosphate,C3 H7 O6 P,169.9979,7.64,,169.9978,169.998,169.9984,169.9977,169.9978,169.9978,,,169.9981,169.9979,169.9979,169.9978,169.9978,169.9977,,,169.998,169.9981,169.9979,169.9977,169.9979,169.9977,169.9979,169.998,169.9981,169.9978,169.9981,169.9978,7.58,7.579,7.717,7.66,7.703,7.671,,,7.682,7.591,7.657,7.667,7.573,7.623,,,7.613,7.659,7.678,7.619,7.608,7.63,7.657,7.658,7.599,7.604,7.661,7.604,246982,158440,98766,454372,277431,352808,,,158577,149656,194132,380321,301060,268872,,,185123,145130,148921,364252,276105,364285,222281,146036,138867,240949,266995,284835,,,,,,,,,,,,,,,,,,,,,,,,,,,,,84.17,81.18,73.85,86.12,84.94,86.13,,,81.68,81.84,82.92,86.25,85.88,85.05,,,81.24,81.45,82.95,85.56,84.55,86.04,84.17,80.35,78.94,85.33,84.49,85.79
DL_2_Aminoadipic_Acid,C6 H11 N O4,161.0691,2.39,,161.0692,161.0689,161.0696,161.0692,161.0689,161.0691,,,161.0693,161.0691,161.0689,161.0691,161.0688,161.0691,,,161.0692,161.0688,161.0692,161.069,161.0688,161.0691,161.0693,161.069,161.0688,161.0695,161.069,161.0698,2.376,2.366,2.42,2.413,2.407,2.416,,,2.419,2.344,2.419,2.42,2.359,2.393,,,2.391,2.404,2.407,2.38,2.378,2.392,2.411,2.378,2.369,2.383,2.398,2.383,85304,100239,51050,99129,115009,106143,,,60298,98913,120858,92709,118455,86414,,,65113,107260,105314,99077,139041,85457,89137,94402,117323,69620,117820,40006,,,,,,,,,,,,,,,,,,,,,,,,,,,,,68.42,65.92,66.43,65.22,68.29,67.55,,,65.83,66.65,67.77,65.55,68.39,68.37,,,65.74,64.37,61.01,68.41,65.01,68.49,63.14,68.68,67.86,64.19,68.14,68.56
gamma_Aminobutyric_Acid,C4 H9 N O2,103.0635,1.22,,103.0636,103.0637,103.0634,103.0635,103.0634,103.0633,103.0634,103.0634,103.0633,103.0635,103.0634,103.0638,103.0637,103.0635,103.0635,103.0634,103.0638,103.0634,103.0637,103.0637,103.0635,103.0635,103.0637,103.0637,103.0634,103.0634,103.0635,103.0633,1.203,1.202,1.215,1.474,1.209,1.218,1.479,1.48,1.471,1.205,1.222,1.231,1.195,1.221,1.209,1.356,1.219,1.473,1.226,1.2,1.197,1.219,1.205,1.197,1.205,1.476,1.217,1.476,85572,88558,75093,29186,106176,82055,32337,15245,14051,84202,66229,42471,107887,53024,943054,14778,61765,36170,42813,58311,127883,87110,58552,104903,64671,15172,124221,95415,,,,,,,,,,,,,,,,,,,,,,,,,,,,,70.46,47.55,71.34,64.84,70.42,71.01,69.41,68.53,70.04,47.61,70.48,47.6,47.45,70.98,71.15,47.61,47.54,71.18,64.63,47.44,71.31,71.28,47.6,47.54,71.08,60.73,71.19,71.27
Glyceric_acid,C3 H6 O4,106.0262,4.21,,,,106.0263,106.0262,106.0263,106.0261,,106.0262,,,106.0263,106.0263,,106.0262,106.0263,,106.0263,106.0262,,,,106.0261,106.0262,106.0262,,,106.0261,,,,4.233,4.209,4.236,4.212,,4.232,,,4.198,4.183,,4.181,4.189,,4.179,4.25,,,,4.163,4.215,4.191,,,4.219,,,,3053,24553,28306,35658,,78560,,,5627,21655,,35165,318772,,13926,4517,,,,99830,9392,2996,,,28173,,,,,,,,,,,,,,,,,,,,,,,,,,,,,,,,79.28,83.05,79.57,82.1,,85.31,,,77.63,82.17,,82.55,86.57,,78.09,72.27,,,,85.55,75.86,68.94,,,80.56,
Glycerol_3_phosphate,C3 H9 O6 P,172.0135,7.24,,,172.0129,172.0131,172.0133,172.0135,172.0133,172.0139,172.0131,172.0139,172.0151,172.0139,172.0121,172.0131,172.0148,,,,172.0135,172.0152,172.0134,172.013,172.0134,172.0142,172.0134,,172.014,172.0147,172.0139,,7.239,7.293,7.227,7.262,7.263,7.241,7.217,7.299,7.2,7.291,7.276,7.173,7.257,,,,7.227,7.229,7.236,7.184,7.239,7.25,7.234,,7.222,7.237,7.205,,12674,9702,8806,13811,19366,7493,1575,10317,13233,4369,6806,10233,18292,,,,16339,8188,12398,14990,12915,7923,11675,,11447,12920,12442,,,,,,,,,,,,,,,,,,,,,,,,,,,,,,68.04,67.46,64.49,65.45,67.66,66.88,68.07,66.47,64.34,66.66,51.9,67.91,64.78,,,,68.07,57.63,65.56,68.07,67.13,63.64,63.61,,56.27,64.7,64.78
Glycine,C2 H5 N O2,75.032,1.28,,75.0322,75.0317,75.0316,75.0326,75.032,75.0316,75.0316,75.0316,75.0316,75.0324,75.0319,75.0317,75.0322,75.0323,75.0324,75.0319,75.0317,75.0317,75.0325,75.0319,75.0318,75.032,75.0326,75.0321,75.0319,75.0326,75.0323,75.032,1.278,1.26,1.29,1.282,1.242,1.293,1.321,1.306,1.296,1.263,1.28,1.273,1.27,1.271,1.339,1.248,1.277,1.282,1.301,1.258,1.264,1.278,1.28,1.281,1.272,1.268,1.267,1.277,121161,125016,80453,140824,74454,253823,187621,218962,91224,101033,172070,143076,102533,200925,34543,140580,112777,92645,162848,166580,174124,302127,119548,116807,143513,131038,126142,270161,,,,,,,,,,,,,,,,,,,,,,,,,,,,,67.33,68.63,67.75,65.33,87.24,87.96,81.06,83.91,67.48,66.5,87.69,87.71,87.79,87.85,60.48,87.9,68.55,68.36,87.73,87.59,68.21,87.78,64.63,69.55,87.62,87.82,87.1,87.89
Homocitric_acid,C7 H10 O7,206.0421,12.15,,206.0416,206.0421,206.0421,206.0424,206.0423,206.0423,206.0414,206.0409,206.0421,206.0421,206.0422,206.0421,206.0423,206.0421,206.0412,206.0406,206.0422,206.0421,206.0421,206.0422,206.0424,206.0417,206.0421,206.0422,206.0423,206.0421,206.0422,206.0423,12.112,12.136,12.19,12.15,12.176,12.152,12.164,12.156,12.155,12.122,12.164,12.148,12.129,12.146,12.146,12.174,12.128,12.149,12.151,12.133,12.139,12.145,12.147,12.148,12.122,12.136,12.167,12.127,73197,192923,63624,235788,414984,196775,11468,13801,69560,166331,101906,205915,508851,159995,81950,16493,56658,142311,81388,153447,496680,129723,61340,152538,80645,204046,567086,97187,,,,,,,,,,,,,,,,,,,,,,,,,,,,,83.55,86.61,85.1,86.5,86.29,86.07,67.84,68.73,85.61,84.13,85.84,86.35,86.63,84.6,34.35,47.29,85.36,86.38,83.88,85.77,86.67,84,82.36,85.2,85.71,84.82,85.96,85.31
IMP,C10 H13 N4 O8 P,348.0463,9.09,,348.0464,348.0465,348.0463,348.0462,348.0461,348.0463,,,348.0465,348.0467,348.0461,348.0462,348.0463,348.0462,,,348.0465,348.0465,348.0459,348.0462,348.0463,348.0464,348.0461,348.0463,348.0461,348.0455,348.0461,348.0467,9.044,9.026,9.147,9.107,9.133,9.109,,,9.12,9.037,9.095,9.105,9.011,9.095,,,9.06,9.106,9.117,9.057,9.046,9.068,9.112,9.105,9.054,9.043,9.091,9.034,19611,25813,44072,40437,46236,65201,,,14482,18597,64781,45065,57893,52961,,,17673,33579,47208,43199,61198,57318,21843,34460,42204,29225,58219,51405,,,,,,,,,,,,,,,,,,,,,,,,,,,,,68.17,67.52,76,74.08,74.23,78,,,67.47,68.59,78.3,75.31,76.75,75.73,,,67.39,72.45,74.73,73.89,78.41,78.7,68.46,75.74,75.87,71.15,77.83,80.06
Inosine,C10 H12 N4 O5,268.0804,4.08,,,,268.0804,268.0804,268.0803,268.0804,,,,,268.0804,268.0806,,,,,,268.0811,268.0807,,,,,,,,268.0802,,,,4.191,4.051,4.161,4.095,,,,,4.082,4.083,,,,,,4.067,4.078,,,,,,,,4.086,,,,17767,10181,159501,9276,,,,,20121,10432,,,,,,10646,12240,,,,,,,,29911,,,,,,,,,,,,,,,,,,,,,,,,,,,,,,,,81.44,79.07,84.75,80.48,,,,,82.13,80.5,,,,,,84.78,81.76,,,,,,,,84.14,
Itaconic_Acid,C5 H6 O4,130.0261,11.82,,130.026,130.0263,130.0261,130.0261,130.0261,130.0264,130.026,130.0259,130.0256,130.0261,130.0261,130.0262,130.0263,130.0261,130.0247,130.025,130.026,130.0263,130.0261,130.0261,130.0263,130.0262,130.0251,130.0261,130.0257,130.026,130.0261,130.026,11.804,11.803,11.874,11.85,11.86,11.82,11.848,11.857,11.856,11.781,11.848,11.84,11.788,11.822,11.835,11.833,11.812,11.825,11.835,11.809,11.798,11.812,11.856,11.815,11.806,11.811,11.843,11.803,96226,237296,92950,247845,184909,314992,93195,93422,127039,239644,152569,185746,204482,331079,127086,43090,90899,211501,168596,168728,245302,187911,102124,199013,160453,163755,176466,87535,,,,,,,,,,,,,,,,,,,,,,,,,,,,,82.93,87.29,81.51,86.13,86.15,87.79,77.51,79.62,81.41,86.55,86.19,86.91,87.58,86.63,68.27,64.3,85.7,87.54,85.71,86.32,87.58,87.34,83.51,86.61,86.09,85.95,86.18,83.66
keto_Isovaleric_acid,C5 H8 O3,116.0472,11.68,,116.0472,116.0473,116.0471,116.0472,116.0471,116.0473,116.0473,116.0473,116.0473,116.0471,116.0472,116.0472,116.0472,116.0472,116.0473,116.0473,116.0472,116.047,116.0472,116.0472,116.0474,116.0472,116.0471,116.047,116.0473,116.0471,116.0469,116.0473,11.671,11.679,11.492,11.717,11.478,11.695,11.706,11.716,11.706,11.673,11.723,11.716,11.672,11.706,11.671,11.683,11.679,11.475,11.702,11.684,11.69,11.679,11.706,11.458,11.681,11.687,11.486,11.662,3156175,2291157,31167,3046665,113239,1950918,2510578,2649895,1982985,2840684,3197369,2994180,2759251,2173231,6591407,1469647,2887699,123616,2532462,3100595,2006099,2991582,2957249,45068,2817177,3029618,97658,3397654,,,,,,,,,,,,,,,,,,,,,,,,,,,,,86.34,85.83,86.37,86.12,86.72,86.29,86.86,86.71,86.9,85.11,85.96,86.01,85.67,85.52,86.67,86.05,85.94,86.05,85.89,86.38,86.22,85.8,85.04,86.65,86.23,85.46,86.08,86.43
L_Alanine,C3 H7 N O2,89.0483,1.22,,89.049,89.0483,89.0483,89.0466,89.049,89.0498,89.0471,89.0474,89.0482,89.0469,89.0488,89.0483,89.0475,89.0477,89.0484,89.0479,89.0484,89.0484,89.0477,89.0484,89.0484,89.0475,89.0472,89.0492,89.0484,89.047,89.0461,89.0488,1.203,1.202,1.215,1.233,1.209,1.268,1.305,1.306,1.197,1.197,1.213,1.223,1.27,1.271,1.339,1.257,1.194,1.215,1.376,1.416,1.206,1.261,1.197,1.197,1.197,1.227,1.275,1.268,21346,21970,8898,96737,13120,15131,462,1765,19911,18720,9538,92190,8899,10283,72265,311150,12306,20038,1077,67243,18983,11120,20760,34092,11065,95856,20139,43116,,,,,,,,,,,,,,,,,,,,,,,,,,,,,70.12,66.14,58.89,68.69,69.41,47.6,61.73,68.59,59.3,69.46,68.03,64.18,68.8,69.2,57.54,47.62,67.21,62.67,69.12,66.37,65.65,68.9,67.06,68,69.72,66.27,69.63,66.83
L_Arabinose,C5 H10 O5,150.0531,1.32,,150.0546,150.0543,150.0539,150.0531,150.0526,150.054,150.0529,150.0528,150.0547,150.0529,150.0527,150.0541,150.0528,150.0527,,150.0506,150.0548,150.0542,150.0531,150.0527,150.0541,150.0553,150.0532,150.0528,150.0526,150.0532,150.0528,150.0527,1.286,1.319,1.323,1.341,1.342,1.327,1.205,1.206,1.296,1.321,1.321,1.323,1.337,1.337,,1.381,1.286,1.332,1.326,1.324,1.33,1.311,1.305,1.305,1.321,1.335,1.342,1.335,707156,556209,525011,630227,608088,644928,9059,3176,640157,560896,530982,600507,525400,626762,,35878,668673,590365,539424,581654,625251,499430,586260,497874,563713,477704,571219,558044,,,,,,,,,,,,,,,,,,,,,,,,,,,,,62.6,66.4,68.73,70.97,66.92,74.07,62.63,64.85,65.22,73.57,68.03,70.7,62.86,74.08,,55.91,64.03,69.84,72.73,68.84,64.5,60.9,82.09,70.84,70.37,71.62,65.99,71.6
L_Arginine,C6 H14 N4 O2,174.1105,1.16,,174.1103,174.1105,,174.1109,174.11,174.1122,,,174.1124,174.1106,174.1098,174.1128,174.1102,174.1105,,174.1112,174.1098,174.1109,174.1109,174.1101,174.1106,174.1099,174.111,174.1102,174.1099,174.1112,174.1104,174.1101,1.162,1.152,,1.166,1.176,1.169,,,1.155,1.155,1.155,1.165,1.162,1.163,,1.099,1.144,1.165,1.151,1.15,1.164,1.153,1.163,1.147,1.155,1.144,1.167,1.152,98931,33687,,298394,89038,83934,,,85262,24918,41399,111748,123429,52098,,133378,70065,26010,30386,341764,124154,77567,113946,24955,34668,322374,88524,51364,,,,,,,,,,,,,,,,,,,,,,,,,,,,,65.9,60.91,,69.38,62.74,58.93,,,62.58,68.19,58.29,60.94,64.67,68.1,,64.26,60.42,60.71,69.89,61.86,60.87,62.52,69.96,65.7,60.17,70.28,67.08,65.1
L_Asparagine,C4 H8 N2 O3,132.0531,1.27,,132.0522,132.0533,132.053,132.053,132.0531,132.054,132.0542,132.0538,132.0525,132.0527,132.0526,132.0537,132.0529,132.0527,132.0531,132.0535,132.0527,132.0531,132.0531,132.0526,132.0536,132.0525,132.0531,132.0527,132.0522,132.0532,132.0532,132.0524,1.261,1.26,1.265,1.266,1.267,1.268,1.305,1.389,1.255,1.263,1.255,1.264,1.27,1.262,1.339,1.248,1.252,1.257,1.268,1.266,1.264,1.269,1.305,1.256,1.272,1.277,1.267,1.26,89164,269274,217158,313994,443114,321587,17631,3065,119526,248944,283053,294122,424521,320472,549072,850266,55599,318696,196412,260131,490278,135746,32204,246857,237173,240436,544473,239258,,,,,,,,,,,,,,,,,,,,,,,,,,,,,69.31,68.87,74.15,76.6,86.02,83.52,64.65,67.48,68.75,70.24,78.7,83.48,81.91,75.25,87.56,87.11,69.41,75.91,74.67,79.36,86.76,78.18,70.33,73.84,66.62,74.59,85.88,76.49
L_Aspartic_Acid,C4 H7 N O4,133.0375,3.31,,133.0375,133.0375,133.0376,,,133.0376,,,133.0376,133.0375,133.0376,133.0376,133.0375,133.0375,,,133.0375,133.0376,133.0375,133.0375,133.0376,133.0375,133.0375,133.0375,133.0376,133.0376,,133.0375,3.298,3.297,3.335,,,3.305,,,3.35,3.275,3.308,3.343,3.282,3.266,,,3.324,3.335,3.33,3.303,3.309,3.298,3.342,3.343,3.25,3.297,,3.247,5831482,38855747,97569152,,,108241368,,,14467962,43501939,96611420,5419016,27554742,118242754,,,8649422,48327239,97825636,15842694,27026753,87062666,7005233,40580018,106730066,4563696,,95432593,,,,,,,,,,,,,,,,,,,,,,,,,,,,,87.27,87.48,87.37,,,87.48,,,87.49,87.24,87.33,87.36,87.38,87.28,,,87.43,87.47,87.36,87.39,87.46,87.39,87.18,87.31,87.35,87.21,,87.36
L_Citrulline,C6 H13 N3 O3,175.0956,1.31,,175.0956,175.0967,175.0956,175.0954,175.0962,175.0949,175.0934,175.0935,175.0957,175.0963,175.0957,175.0957,175.0964,175.0954,175.0937,175.0948,175.0957,175.0966,175.095,175.0957,175.0966,175.0953,175.0955,175.0966,175.0952,175.0954,175.0962,175.095,1.311,1.319,1.315,1.299,1.309,1.302,1.18,1.198,1.305,1.313,1.313,1.314,1.312,1.304,1.339,1.282,1.311,1.323,1.301,1.308,1.305,1.311,1.321,1.314,1.313,1.31,1.317,1.31,1087427,2025469,127935,613670,2319801,146686,8341,15594,591441,1980562,371745,651969,2456927,81695,960769,87592,536146,1549759,223068,765629,2260929,86320,1159999,1685491,364283,770789,2318390,88553,,,,,,,,,,,,,,,,,,,,,,,,,,,,,62.08,49.31,65.77,47.46,74.51,67.22,65.22,58.55,47.58,62.45,58.45,47.55,64.52,61.97,55.87,45.26,62.13,54.68,47.12,57.07,69.65,54.34,47.57,58.87,58.09,56.91,70.78,60.75
L_Cystathionine,C7 H14 N2 O4 S,222.0684,1.16,,222.0721,222.0676,222.0674,222.068,222.0679,222.0673,222.0653,222.0659,222.0727,222.0687,222.0686,222.0682,222.0686,222.0678,,222.0676,222.0724,222.0734,222.0693,222.0723,222.0678,222.0689,222.0718,222.0685,222.0684,222.0727,222.0675,222.0684,1.145,1.144,1.157,1.249,1.259,1.152,1.355,1.314,1.13,1.155,1.155,1.248,1.145,1.254,,1.298,1.136,1.273,1.151,1.133,1.247,1.136,1.147,1.156,1.163,1.127,1.259,1.144,64544,7812,15346,26407,66235,21087,5445,46255,91455,13717,11933,18786,7895,18053,,44267,90849,761796,12262,64301,41981,14408,64025,9042,8287,73097,50064,13567,,,,,,,,,,,,,,,,,,,,,,,,,,,,,82.21,73.29,92.77,84.95,93.46,91.31,67.61,69.38,94.4,74.62,89.85,84.82,71.84,70.21,,75.99,83.05,31.56,73.33,86.73,94.24,66.98,79.75,78.43,86.37,82.92,87.16,84.31
L_Dihydroorotic_acid,C5 H6 N2 O4,158.0328,6.96,,158.0328,158.0328,158.0328,158.0331,158.033,158.0325,,,158.0327,158.0321,158.0331,158.0325,158.0328,158.0331,158.0333,,158.0331,158.0329,158.0324,158.033,158.0327,158.0329,158.0319,158.0332,158.0329,158.0324,158.0329,158.0328,6.932,6.956,7.018,6.961,6.996,6.98,,,7.008,6.917,6.984,6.968,6.916,6.975,6.921,,6.956,6.977,6.98,6.937,6.943,6.94,6.984,6.976,6.917,6.922,6.987,6.947,20607,22431,10560,41920,30115,55277,,,16400,18488,25792,35701,42483,42284,237629,,12214,29605,32240,34642,49306,38021,20207,23524,37503,32141,52717,47403,,,,,,,,,,,,,,,,,,,,,,,,,,,,,67.94,74.36,74.36,77.64,77.47,83.08,,,70.22,79.48,80.29,68.75,85.25,80.19,86.76,,69.04,80.5,75.23,73.55,80.71,72.21,65.4,76.96,77.09,80.77,81.06,83.34
L_Glutamic_acid,C5 H9 N O4,147.0531,2.67,,147.053,147.0532,147.0532,147.053,,147.0532,,,147.0532,147.053,147.0531,147.0532,147.0531,147.053,,,147.0531,,147.053,147.0531,147.0532,147.0531,,147.0532,147.0532,147.053,147.0531,147.0532,2.667,2.674,2.695,2.688,,2.698,,,2.693,2.643,2.677,2.694,2.659,2.659,,,2.674,,2.689,2.655,2.686,2.674,,2.686,2.652,2.665,2.697,2.656,55247740,116919578,17610479,48913395,,10714103,,,23525876,120019927,22155999,45609165,102193444,8664251,,,40743202,,22244747,48774694,111285994,8301045,,109604250,24407462,45462638,115947008,5939397,,,,,,,,,,,,,,,,,,,,,,,,,,,,,87.81,87.55,87.76,87.63,,87.45,,,87.77,87.79,87.79,87.76,87.68,87.31,,,87.75,,87.48,87.72,87.44,87.45,,87.62,87.73,87.45,87.73,87.53
L_Glutamine,C5 H10 N2 O3,146.0693,1.28,,146.0693,146.0692,146.0695,146.0691,146.0693,146.0694,,146.068,146.0695,146.0692,146.0694,146.0692,146.0693,146.0693,146.069,146.0692,146.0694,146.0693,146.0694,146.0693,146.0692,146.0693,146.0693,146.0693,146.0694,146.0691,146.0692,146.0694,1.27,1.269,1.281,1.274,1.276,1.277,,1.289,1.28,1.271,1.28,1.273,1.287,1.279,1.339,1.265,1.277,1.273,1.276,1.274,1.272,1.278,1.28,1.272,1.28,1.277,1.275,1.277,4536159,8374994,1961630,10155022,5970824,1641858,,28451,3617002,8298816,3231890,9983152,6162236,1411912,1204517,1397759,3346655,6877024,2078120,9678407,6322231,1205141,4769008,5846745,2892955,9175891,7431115,1227652,,,,,,,,,,,,,,,,,,,,,,,,,,,,,87.17,87.38,86.83,87.31,87.23,87.09,,70.25,86.93,87.37,86.84,87.33,87.19,87.07,87.57,87.71,86.99,87.24,86.92,87.27,87.37,87.02,87.21,87.25,86.81,87.28,87.3,86.96
L_Glutathione_oxidized,C20 H32 N6 O12 S2,612.15,11.57,,612.1502,612.1501,612.1501,612.15,612.15,612.1504,,,612.1501,612.1495,612.1503,612.15,612.1499,612.1522,,,612.1501,612.1499,612.1495,612.1501,612.15,612.1503,612.1497,612.15,612.1509,612.1494,612.15,612.1518,11.538,11.546,11.616,11.568,11.594,11.578,,,11.581,11.54,11.59,11.574,11.539,11.564,,,11.554,11.575,11.578,11.543,11.557,11.554,11.582,11.566,11.54,11.554,11.585,11.537,410596,190128,25471,283984,318555,30823,,,321519,105841,44678,221530,239030,15005,,,250356,127250,41330,184261,272398,37523,250634,126445,38532,129522,116461,15911,,,,,,,,,,,,,,,,,,,,,,,,,,,,,91.63,92.3,88.2,91.31,91.43,65.82,,,91.96,89.84,88.15,92.19,91.1,80.94,,,91.17,91.14,89.56,91.11,91.33,90.14,90.73,89.95,91.42,89.53,89.17,63.46
L_Histidine,C6 H9 N3 O2,155.0697,1.16,,155.0699,155.07,155.0695,155.0693,155.0705,155.0702,,155.0696,155.0696,155.0688,155.0699,155.07,155.0694,155.0694,155.0697,155.0697,155.0696,155.0699,155.0695,155.0695,155.0698,155.0697,155.0691,155.0703,155.0705,155.0695,155.0697,155.0702,1.162,1.161,1.157,1.166,1.168,1.169,,1.114,1.155,1.163,1.163,1.173,1.154,1.163,1.079,1.107,1.153,1.174,1.168,1.15,1.156,1.153,1.163,1.156,1.172,1.152,1.159,1.16,78104,49351,13385,205293,91703,105958,,41410,67650,59167,64612,206562,73260,83939,282321,109005,55737,35410,76783,111577,91674,147004,84109,26658,37890,171478,99357,71541,,,,,,,,,,,,,,,,,,,,,,,,,,,,,58.53,62.1,65.36,55.07,64.92,62.38,,64.1,65.25,60.1,60.69,59.99,49.29,59.24,63.86,63.42,61.21,62.85,55.89,58.99,62.82,63.3,56.2,60.21,61.23,56.87,65.47,62
L_Homoserine,C4 H9 N O3,119.0582,1.3,,119.0581,119.0573,119.0571,119.0588,119.0579,119.0576,119.0577,119.0583,119.0572,119.0589,119.0578,119.0574,119.0588,119.0585,119.0582,119.058,119.0587,119.0572,119.0589,119.0577,119.0587,119.0587,119.0589,119.058,119.0578,119.0588,119.0589,119.0587,1.286,1.294,1.306,1.316,1.292,1.302,1.313,1.297,1.313,1.288,1.338,1.298,1.278,1.321,1.339,1.273,1.311,1.332,1.301,1.166,1.305,1.294,1.313,1.314,1.288,1.144,1.3,1.285,1009147,730746,597579,1325754,622949,3290276,7438,113320,792834,587834,1485463,1342808,1044985,2501529,1420450,480981,890535,675229,1798461,3178,1007180,3671437,1141192,694926,1466508,5639,852865,3601181,,,,,,,,,,,,,,,,,,,,,,,,,,,,,62.32,57.77,56.48,60.83,63.33,64.37,64.73,63.11,63.92,59.78,58.56,57.02,63.02,61.99,58.82,57.83,57.91,57.32,59.83,59.85,57.68,63.42,54.01,62.95,58.56,62.7,61.34,63.38
L_Isoleucine,C6 H13 N O2,131.0944,2.29,,131.0942,131.0945,131.0946,131.0942,131.0944,131.0946,,131.0942,131.0945,131.0943,131.0943,131.0945,131.0944,131.0943,131.0948,131.0949,131.0943,131.0943,131.0941,131.0944,131.0943,131.0945,131.0941,131.0944,131.0944,131.0942,131.0942,131.0945,2.267,2.441,2.304,2.28,2.307,2.291,,2.287,2.294,2.435,2.277,2.287,2.442,2.277,2.414,2.304,2.275,2.279,2.29,2.264,2.278,2.267,2.286,2.287,2.269,2.274,2.29,2.274,336566,398202,255066,637507,345646,846756,,108949,261970,431118,488871,608819,797340,753847,6565366,1843791,319633,520119,396558,674459,416201,652347,399701,432439,391905,439667,274878,348452,,,,,,,,,,,,,,,,,,,,,,,,,,,,,82.77,85.09,59.55,84.66,81.74,86.11,,61.11,84.41,86.64,81.28,84.58,83.56,86.39,87.5,87.26,83.64,82.22,81.13,84.3,81.84,86.56,83.14,82.53,82.18,85.28,79.61,86.55
L_Leucine,C6 H13 N O2,131.0944,2.46,,131.0943,131.0945,131.0944,131.0941,131.0944,131.0944,,131.0944,131.0943,131.0943,131.0944,131.0944,131.0944,131.0943,131.0948,,131.0945,131.0945,131.0941,131.0944,131.0945,131.0944,131.0941,131.0944,131.0944,131.0941,131.0943,131.0945,2.442,2.441,2.479,2.471,2.49,2.466,,2.478,2.46,2.435,2.469,2.478,2.442,2.46,2.414,,2.45,2.471,2.465,2.439,2.453,2.467,2.477,2.461,2.452,2.449,2.473,2.457,215668,398202,149976,453002,528094,409272,,361737,78394,489012,531164,248513,792345,440010,7059186,,183587,688439,242205,452138,441822,265297,401927,443722,271002,173520,230259,285865,,,,,,,,,,,,,,,,,,,,,,,,,,,,,65.84,85.09,55.86,77.08,84.43,86.71,,61.28,82.58,86.25,84.6,83.49,83.56,81.88,87.5,,60.17,84.93,80.28,83.3,85.87,84.13,76.18,83.29,81.47,80.13,83.64,86.39
L_Lysine,C6 H14 N2 O2,146.1043,1.16,,146.104,146.1043,,146.1044,146.1042,146.1037,,,146.1049,146.1047,146.1039,146.1043,146.1047,,146.105,146.1049,146.1036,,146.1045,146.104,146.1046,146.1051,146.1043,146.1042,146.104,146.1045,146.1048,146.1038,1.145,1.161,,1.166,1.168,1.16,,,1.122,1.163,1.163,1.165,1.154,,1.079,1.09,1.128,,1.151,1.15,1.156,1.145,1.155,1.156,1.163,1.144,1.159,1.119,16967,63675,,72868,80054,19099,,,9160,53013,39882,72207,113173,,276948,101023,6355,,30141,68979,107723,29638,33293,48759,31364,63490,105824,15361,,,,,,,,,,,,,,,,,,,,,,,,,,,,,71.18,70.01,,69.65,70.86,70.46,,,90.36,70.49,69.85,70.09,75.97,,95.79,98.31,70.3,,68.8,70.47,76.72,96.54,68.71,71.21,70.05,67.46,73.61,71.03
L_Malic_Acid,C4 H6 O5,134.0214,11.92,,134.0216,134.0214,134.0213,134.0214,134.0216,134.0212,134.0212,134.0212,134.0211,134.0215,134.0214,134.0211,134.0213,134.0215,,134.0212,134.0213,134.0213,134.0215,134.0216,134.0212,134.0214,134.0217,134.0215,134.0214,134.0219,134.0216,134.0214,11.887,11.911,11.966,11.917,11.952,11.919,11.914,11.94,11.939,11.889,11.939,11.932,11.896,11.922,,11.899,11.903,11.933,11.935,11.909,11.906,11.92,11.923,11.923,11.898,11.919,11.943,11.894,39864,461608,142765,55160,103468,220465,23472,31600,29754,210507,200149,52568,86107,241458,,16415,39355,204197,189130,56261,92723,159131,39465,180488,219856,40441,82961,209676,,,,,,,,,,,,,,,,,,,,,,,,,,,,,61.35,87.46,86.92,85.63,86.38,87.3,63.17,59.91,63.39,87.11,87.27,62.3,86.35,87.25,,74.62,67.23,87.02,87.17,85.3,86.44,87.14,61.86,87.15,87.07,85.88,86.53,87.14
L_Ornithine,C5 H12 N2 O2,132.0897,1.3,,132.09,132.0892,132.0893,132.0895,132.0897,132.089,,132.0904,132.0895,132.0893,132.0904,132.09,132.0896,132.0896,,132.0899,132.0898,132.09,132.0897,132.0897,132.0901,132.0897,132.0895,132.0901,132.0903,132.0896,132.0899,132.0894,1.311,1.319,1.306,1.307,1.168,1.302,,1.114,1.305,1.313,1.163,1.165,1.312,1.304,,1.099,1.311,1.307,1.16,1.133,1.156,1.153,1.313,1.305,1.163,1.31,1.059,1.318,946038,1834422,185028,694079,161203,260977,,30648,573796,1747485,30169,105273,2477527,208424,,46640,534190,1460210,154175,128068,67917,64851,973025,1504624,121903,729542,71035,184170,,,,,,,,,,,,,,,,,,,,,,,,,,,,,87.53,87.4,87.18,86.64,87.45,87.21,,73.36,85.7,87.54,86.95,86.34,87.23,87.34,,87.51,85.19,87.25,84.17,87.04,87.17,83.28,87.57,87.47,86.59,87.28,99.37,87.11
L_Phenylalanine,C9 H11 N O2,165.0786,4.9,,,,165.0787,165.0785,165.0783,165.0786,165.0789,165.0787,165.0786,,165.0786,165.0786,,165.0785,,,165.0787,165.0789,165.0785,165.0784,,165.0785,165.0785,165.0783,,,165.0784,,,,4.965,4.891,4.959,4.893,4.897,4.914,4.905,,4.905,4.906,,4.863,,,4.861,4.89,4.909,4.858,,4.853,4.905,4.872,,,4.917,,,,45534,172550,125555,156121,4943,48821,100538,,92341,170700,,147060,,,104512,80597,61415,175414,,121362,131570,68778,,,122576,,,,,,,,,,,,,,,,,,,,,,,,,,,,,,,,86.08,86.56,86.19,86.49,67.98,84.8,86.55,,86.37,86.49,,86.54,,,86.06,85.9,85.99,86.51,,86.66,86.51,86.54,,,86.51,
L_Proline,C5 H9 N O2,115.0633,1.22,,115.0634,115.0631,115.0629,115.0636,115.0634,115.0623,115.063,115.0637,115.0627,115.0632,115.0634,115.0627,115.0632,115.0632,115.0635,115.0636,115.0627,115.0628,115.0636,115.0631,115.0632,115.0633,115.0635,115.0636,115.0634,115.0638,115.0636,115.0637,1.394,1.219,1.223,1.391,1.201,1.227,1.155,1.397,1.197,1.23,1.197,1.198,1.378,1.213,1.339,1.356,1.41,1.223,1.209,1.399,1.206,1.402,1.222,1.189,1.172,1.393,1.217,1.202,81683,10795,8250,62171,12869,1860,3581,25528,11183,7702,12015,11225,157647,10557,1721869,857145,60675,10821,11137,67067,10310,95785,2311,7773,5546,42235,12891,10729,,,,,,,,,,,,,,,,,,,,,,,,,,,,,60.44,70.59,70.22,64.49,70.42,65.34,67.14,85.07,69.73,63.98,69.26,68.96,62.58,60.16,87.14,87.59,67.26,69.91,65.6,68.71,67.92,69.02,83.4,83.74,70.23,64.33,60.39,68.01
L_Serine,C3 H7 N O3,105.0431,1.26,,105.0432,105.0428,105.0426,105.0434,105.0431,105.0427,,105.0433,105.0426,105.0433,105.043,105.0427,105.0432,105.0432,,105.0426,105.0428,105.0428,105.0434,105.043,105.0428,105.0431,105.0435,105.0431,105.043,105.0435,105.0432,105.0431,1.261,1.26,1.265,1.266,1.259,1.268,,1.256,1.263,1.255,1.263,1.264,1.262,1.254,,1.248,1.261,1.257,1.268,1.258,1.264,1.269,1.263,1.264,1.255,1.268,1.259,1.268,863871,1248516,429952,822285,813340,1548386,,350854,587222,1047165,1022761,1026855,1266638,1236711,,497388,739359,949045,971703,1187591,1180768,1606820,850190,864975,994844,827021,918552,1425935,,,,,,,,,,,,,,,,,,,,,,,,,,,,,84.07,85.8,71.3,83.81,85.1,85.97,,63.86,78.87,86.56,84.94,85.17,85.69,86.2,,87.74,79.94,84.8,84.91,85.31,85.87,84.97,84.47,83.05,85,84.98,85.22,84.91
L_Sorbose,C6 H12 O6,180.0633,1.31,,180.0632,180.0633,180.0634,180.0631,180.0633,180.0633,180.0627,180.0632,180.0634,180.0632,180.0634,180.0634,180.0633,,180.0639,180.0631,180.0633,180.0634,180.0631,180.0633,180.0633,180.0633,180.0632,180.0633,180.0633,180.0631,,180.0633,1.286,1.31,1.298,1.341,1.334,1.327,1.271,1.314,1.305,1.271,1.305,1.331,1.312,,1.339,1.298,1.302,1.332,1.309,1.324,1.322,1.294,1.305,1.297,1.28,1.31,,1.293,20065336,19122160,17830715,19921015,21154632,19788772,15623,587237,19895461,18538532,18222738,19574833,18202352,,911328,800367,18261603,19786192,18504827,18471037,20005266,16742059,18612794,18128289,20022505,17323434,,18851522,,,,,,,,,,,,,,,,,,,,,,,,,,,,,87.28,97.25,87.38,87.12,87.36,87.3,76.93,86.19,87.35,96.06,87.31,87.35,87.28,,87.14,87,94.3,87.36,86.99,87.31,87.35,87.34,94.82,95.1,95.24,87.15,,87.31
L_Threonine,C4 H9 N O3,119.0582,1.3,,119.0581,119.0573,119.0571,119.0588,119.0579,119.0576,119.0577,119.0583,119.0572,119.0589,119.0578,119.0574,119.0588,119.0585,119.0582,119.058,119.0587,119.0572,119.0589,119.0577,119.0587,119.0587,119.0589,119.058,119.0578,119.0588,119.0589,119.0587,1.286,1.294,1.306,1.316,1.292,1.302,1.313,1.297,1.313,1.288,1.338,1.298,1.278,1.321,1.339,1.273,1.311,1.332,1.301,1.166,1.305,1.294,1.313,1.314,1.288,1.144,1.3,1.285,1009147,730746,596208,1325754,622593,3290276,7438,113512,793072,587834,1504359,1342808,1042340,2509714,1402070,484714,890535,679440,1797767,3215,998825,3670832,1141192,694926,1466488,5575,852865,3600529,,,,,,,,,,,,,,,,,,,,,,,,,,,,,62.32,57.77,56.48,60.83,63.33,64.37,64.73,63.11,63.92,59.78,58.56,57.02,63.02,61.99,58.82,57.83,57.91,57.32,59.83,59.85,57.68,63.42,54.01,62.95,58.56,62.7,61.34,63.38
L_Tryptophan,C11 H12 N2 O2,204.089,7.04,,204.0888,204.0896,204.0885,204.0889,204.0887,204.0889,,204.0888,204.0886,204.0895,204.0891,204.0889,204.0894,204.089,204.0896,204.0897,204.0894,204.0897,204.0895,204.0891,204.0895,204.0889,204.0893,204.0886,204.0899,204.089,204.089,204.0887,6.998,7.006,7.118,7.069,7.138,7.072,,7.068,7.058,7.117,7.042,7.043,6.974,7.058,6.98,6.886,7.023,7.077,7.055,6.995,7.009,7.031,7.067,7.043,7.092,7.014,7.054,7.03,17176,82729,43277,95878,9925,64047,,59946,13450,10637,66892,11414,114513,50972,969178,180475,68137,79840,58079,24025,99807,9384,42333,91303,5837,61331,117746,132964,,,,,,,,,,,,,,,,,,,,,,,,,,,,,65.72,63.88,60.91,67.89,62.3,61.4,,68.94,63.99,69.14,64.1,63.58,63.83,67.88,83.41,87.06,63.91,63.88,68.86,66.68,63.92,68.44,69.23,65.1,65.69,68.49,67.45,62.68
L_Tyrosine,C9 H11 N O3,181.0734,2.2,,181.0732,181.0735,181.0733,181.0734,181.0734,181.0736,,181.0737,181.0731,181.0734,181.0735,181.0733,181.0733,181.0735,181.0738,181.0737,181.0733,181.0737,181.0733,181.0734,181.0735,181.0732,181.0734,181.0733,181.0732,181.0735,181.0735,181.0735,2.176,2.175,2.229,2.205,2.224,2.208,,2.212,2.211,2.169,2.203,2.22,2.176,2.185,2.17,2.238,2.184,2.213,2.207,2.172,2.195,2.192,2.211,2.212,2.194,2.183,2.215,2.183,46908,59967,20882,66044,118423,51654,,55184,34416,67956,75820,59427,120051,52300,2147817,36609,37492,58098,27500,75558,130665,46748,46816,55863,34678,56380,82738,197144,,,,,,,,,,,,,,,,,,,,,,,,,,,,,83.19,76.46,72.82,81.07,83.22,84.77,,79.02,77.46,74.38,78.31,84.79,83.29,83.1,87.23,73.35,79.99,74.68,75.25,80.32,84.23,83.42,76.25,81.18,71.22,84.46,80.54,84.79
L_Valine,C5 H11 N O2,117.0795,1.56,,117.0794,117.0795,117.0807,117.0792,117.0797,117.0795,117.0806,117.0807,117.0796,117.0792,117.0802,117.0797,117.0795,117.0793,117.0798,117.0791,117.0796,117.0795,117.0794,117.0794,117.0796,117.0794,117.0792,117.0794,117.0796,117.0793,117.0802,117.0796,1.552,1.551,1.572,1.565,1.567,1.559,1.687,1.563,1.562,1.546,1.562,1.564,1.553,1.553,1.599,1.689,1.552,1.564,1.559,1.549,1.555,1.552,1.563,1.555,1.554,1.551,1.558,1.551,898620,1430350,437757,929489,803442,1251391,497998,382531,726487,1293958,1028845,1224912,718454,951162,4605378,177170,738258,1260184,548923,1002905,793422,1047619,968359,1263501,588873,946200,844962,825001,,,,,,,,,,,,,,,,,,,,,,,,,,,,,87.26,87.47,70.11,87.6,85.42,87.36,69.74,65.83,86.04,87.82,68.44,84.19,86.43,87.66,68.74,87.94,86.23,87.55,86.37,87.57,86.48,87.65,87.7,87.77,82.72,87.47,69.48,87.17
Lactic_acid,C3 H6 O3,90.0312,5.96,,90.0316,,90.0315,90.0311,,90.0314,,,90.0311,90.0311,,90.0312,90.0313,90.0312,,,,90.0313,90.0313,90.0314,90.0311,90.0311,90.031,90.0311,90.0313,,90.0311,90.0311,5.926,,6.012,5.964,,5.974,,,5.969,5.919,,5.979,5.918,5.969,,,,5.971,5.965,5.947,5.928,5.942,5.961,5.962,6.011,,5.973,5.941,4742,,3710,26518,,10351,,,26602,6838,,12922,5240,8793,,,,7858,5182,3500,8466,8567,26047,24749,5146,,4753,2349,,,,,,,,,,,,,,,,,,,,,,,,,,,,,87.61,,85.4,86.93,,85.68,,,86.23,87.25,,86.65,87.36,86.72,,,,87.5,87.6,86.65,85.98,86.67,86.98,87.44,87.76,,87.3,86.63
Maleic_acid,C4 H4 O4,116.0107,10.95,,116.0106,116.0109,116.0109,116.0107,116.0107,116.011,116.0104,116.0106,116.0105,116.0109,116.0109,116.0107,116.0107,116.011,116.0104,116.0103,116.0106,116.0109,116.0109,116.0106,116.0107,116.0109,116.0106,116.0109,116.011,116.0105,116.0107,116.011,10.915,10.914,11.001,10.977,10.995,10.955,10.975,10.992,10.966,10.916,10.958,10.959,10.907,10.949,10.92,10.927,10.939,10.952,10.962,10.936,10.934,10.939,10.966,10.951,10.925,10.922,10.978,10.905,132813,861743,692947,214495,402060,1324169,24626,72226,90862,881094,1278800,183233,343095,1406509,479070,43716,108298,890738,1113576,219975,409606,951966,139911,830598,1299721,157417,337083,1156833,,,,,,,,,,,,,,,,,,,,,,,,,,,,,63.95,87.56,87.66,69.24,66.97,87.61,70.96,70.92,70.78,87.63,87.54,71.22,70.89,87.58,60.65,87.53,70.32,87.63,87.57,65.95,87.6,87.59,62.06,87.62,87.51,65.37,87.57,87.56
Malonic_acid,C3 H4 O4,104.0112,10.04,,104.0113,104.0111,104.011,104.0112,104.0114,104.011,104.0109,104.011,104.0109,104.0111,104.0111,104.0109,104.0111,104.0113,104.011,104.011,104.0112,104.011,104.0112,104.0113,104.0112,104.0111,104.0113,104.0112,104.0113,104.0115,104.0112,104.0112,10,9.982,10.086,10.071,10.081,10.057,10.035,10.061,10.052,9.985,10.043,10.069,9.975,10.051,9.994,9.979,10.016,10.054,10.056,10.022,10.002,10.033,10.06,10.053,10.019,10.007,10.047,9.99,32278,28199,34343,26446,33740,50133,30593,109684,36923,28791,22444,38071,33941,37739,307735,22575,26316,40452,24652,29590,37522,56788,37645,27001,22062,59550,29504,56648,,,,,,,,,,,,,,,,,,,,,,,,,,,,,87.6,87.45,86.35,87.35,86.19,69.49,69.23,87.03,68.7,87.54,69.64,87.11,69.87,87.48,87.5,87.42,85.91,86.62,87.43,87.6,69.92,87.11,66.42,86.96,87.06,66.09,87.38,86.82
Melibiose,C12 H22 O11,342.1155,1.34,,342.1155,342.1155,342.1156,342.1151,342.1151,342.1152,,,342.1157,342.1155,342.1155,342.1157,342.1152,342.1149,342.1149,342.1148,342.1156,342.1156,342.1154,342.1157,342.1151,342.115,342.1155,342.1155,342.1156,342.1158,342.115,342.1147,1.27,1.319,1.298,1.382,1.376,1.376,,,1.271,1.321,1.305,1.389,1.37,1.379,1.339,1.34,1.311,1.273,1.276,1.366,1.388,1.369,1.28,1.272,1.313,1.36,1.375,1.368,4070377,3510953,3320313,560582,532380,463365,,,3742816,3804764,3461586,505772,399455,509340,404436,501121,3370440,3710733,3236488,488006,407064,359166,3504523,3274384,3519219,395781,394354,394237,,,,,,,,,,,,,,,,,,,,,,,,,,,,,94.88,95.65,95.68,82.62,82.18,82.66,,,96.15,97.61,97.93,97.44,80.19,81.38,78.62,78.27,95.6,95.93,97.11,83.36,93.6,81.42,97.65,97.93,95.21,82.49,80.08,73.98
Mevalonic_acid,C6 H12 O4,148.0725,8.23,,148.0724,148.0723,148.0726,148.0726,148.0724,148.0726,,,148.0727,148.072,148.0724,148.0728,148.0726,148.0724,,,148.0725,148.0722,148.0723,148.0726,148.0727,148.0727,148.0725,148.0722,148.0724,148.0726,148.0724,148.0726,8.179,8.161,8.29,8.258,8.302,8.236,,,8.247,8.173,8.256,8.249,8.163,8.23,,,8.203,8.258,8.26,8.192,8.19,8.22,8.264,8.24,8.206,8.194,8.243,8.194,45436,26021,10603,37261,19590,26000,,,33934,28521,27596,46873,30435,27988,,,20896,51750,25111,37083,35014,24833,33862,30232,30638,38704,23497,24141,,,,,,,,,,,,,,,,,,,,,,,,,,,,,79.26,46.75,76.87,82.33,47.6,83.41,,,47.29,69.52,73.6,81.48,47.44,78.44,,,79.44,46.97,44.26,80.64,46.66,45.29,80.85,45.27,45.17,81.13,77.9,74.36
myo_Inositol,C6 H12 O6,180.0633,1.31,,180.0632,180.0633,180.0634,180.0631,180.0633,180.0633,180.0627,180.0632,180.0634,180.0632,180.0634,180.0634,180.0633,,180.0639,180.0631,180.0633,180.0634,180.0631,180.0633,180.0633,180.0633,180.0632,180.0633,180.0633,180.0631,,180.0633,1.286,1.31,1.298,1.341,1.334,1.327,1.271,1.314,1.305,1.271,1.305,1.331,1.312,,1.339,1.298,1.302,1.332,1.309,1.324,1.322,1.294,1.305,1.297,1.28,1.31,,1.293,20065336,19122160,17830715,19921015,21154632,19788772,15623,587237,19895461,18538532,18222738,19574833,18202352,,911847,800367,18261603,19786192,18504827,18471037,20005266,16742059,18612794,18128289,20022505,17323434,,18851522,,,,,,,,,,,,,,,,,,,,,,,,,,,,,87.28,97.25,87.38,87.12,87.36,87.3,76.93,86.19,87.35,96.06,87.31,87.35,87.28,,87.14,87,94.3,87.36,86.99,87.31,87.35,87.34,94.82,95.1,95.24,87.15,,87.31
N_Acetyl_D_galactosamine,C8 H15 N O6,221.0879,1.36,,221.0884,221.088,221.0897,221.087,221.0866,221.0866,,221.0864,221.088,221.0889,221.0881,221.087,221.0915,,,,221.0878,221.0879,221.0906,221.0869,221.0909,221.087,221.0889,221.0904,221.0877,221.0873,221.0875,221.087,1.361,1.344,1.364,1.374,1.376,1.368,,1.347,1.355,1.371,1.355,1.364,1.628,,,,1.352,1.365,1.351,1.358,1.38,1.369,1.371,1.347,1.371,1.36,1.342,1.368,35756,35343,33528,32318,28795,41129,,33530,31583,35881,29507,44433,1164,,,,37987,33133,30917,50372,36829,51275,36961,31032,35973,45793,30350,64994,,,,,,,,,,,,,,,,,,,,,,,,,,,,,66.9,67.66,70.2,58.99,68.22,66.43,,68.55,66.52,63.7,68.66,68.07,68.55,,,,67.77,67.31,70.19,68.64,68.54,68.54,55.87,67.82,68.64,54.49,65.58,68.27
N_Acetylglutamic_Acid,C7 H11 N O5,189.0639,11.3,,189.0637,189.0639,189.0643,189.0639,189.0637,189.0635,,189.064,189.064,189.0637,189.0639,189.064,189.0639,189.0641,,189.0641,189.064,189.0638,189.0638,189.0638,189.0639,189.0639,189.0637,189.0638,189.0639,189.0639,189.0637,189.0642,11.264,11.279,11.359,11.318,11.336,11.321,,11.325,11.315,11.274,11.315,11.317,11.273,11.315,,11.276,11.28,11.309,11.312,11.285,11.291,11.288,11.316,11.3,11.282,11.288,11.319,11.279,315534,765701,100225,264077,500169,105790,,41363,241567,884492,260559,336487,594344,116236,,6890,196383,839522,216843,270335,627498,110765,346565,581898,226878,200579,690720,111872,,,,,,,,,,,,,,,,,,,,,,,,,,,,,86.23,86.07,86.97,86.63,86.53,86.41,,68.97,86.55,85.91,86.46,86.7,85.23,69.53,,69.7,86.49,86.69,86.28,86.47,85,85.02,86.59,84.41,86.6,86.37,85.83,85.81
N_Acetylneuraminic_acid,C11 H19 N O9,309.1035,5.99,,309.1048,309.103,309.1026,309.102,309.1028,309.1037,309.1039,309.1041,309.1037,309.1024,309.1043,309.1037,309.1033,309.1038,309.1043,,309.1038,309.1034,309.1025,309.1042,309.1029,309.1031,309.1025,309.1029,309.1028,309.1036,309.1037,,5.967,5.958,6.037,5.997,6.04,6.008,6.011,6.012,6.019,5.969,6.019,6.02,5.951,6.002,5.926,,5.983,6.004,5.99,5.972,5.97,5.992,5.994,5.978,5.961,5.958,6.006,,5557,7695,8963,11284,14313,10676,13609,19483,7723,7799,5510,11209,18592,9841,25037,,7416,11625,7732,11666,14733,11085,7935,7875,5603,9459,10972,,,,,,,,,,,,,,,,,,,,,,,,,,,,,,68.33,67.11,67.81,66.14,61.36,68.22,68.4,66.9,68.21,48.28,64.89,67.88,68.99,66.52,64.38,,65.17,67.36,58.29,62.5,66.73,67.86,61.14,62.01,63.52,61.58,67.44,
NAD,C21 H28 N7 O14 P2,664.1097,8.85,,664.1095,664.1098,664.1096,664.1097,664.1096,664.1098,664.1123,664.1122,664.1097,664.1097,664.1096,664.1097,664.1096,664.1099,,,664.1097,664.1099,664.1097,664.1098,664.1099,664.1099,664.1097,664.1097,664.1098,664.1095,664.1096,664.1097,8.786,8.777,8.906,8.874,8.9,8.86,8.871,8.872,8.871,8.78,8.846,8.864,8.77,8.837,,,8.802,8.848,8.867,8.816,8.805,8.827,8.863,8.847,8.813,8.785,8.866,8.785,144782,186199,78703,165749,133644,208969,11332,9921,121083,178208,190658,160194,151150,184774,,,117775,182460,164651,167961,150477,146264,159265,147276,167645,129824,151624,166796,,,,,,,,,,,,,,,,,,,,,,,,,,,,,69.63,69.22,68.28,70.79,70.79,65.02,67.75,68.8,65,68.49,70.82,65.88,67.92,66.11,,,70.02,67.77,65.5,70.19,69.35,70.66,68.15,69.32,70.47,66.57,68.42,70.61
O_Succinyl_L_homoserine,C8 H13 N O6,219.074,3.54,,219.074,219.0739,,,,,,,,219.0737,,219.0743,219.0744,,219.0739,,219.0743,219.0738,,219.0745,219.0744,,219.0743,219.0738,,219.0741,219.0733,,3.506,3.505,,,,,,,,3.442,,3.559,3.515,,3.607,,3.522,3.552,,3.553,3.534,,3.566,3.55,,3.538,3.62,,20733,82010,,,,,,,,99949,,14242,30292,,73288,,10128,82408,,16443,21106,,25890,77266,,11626,13991,,,,,,,,,,,,,,,,,,,,,,,,,,,,,,65.63,47.02,,,,,,,,55.63,,63.95,47.59,,60.31,,66.19,46.72,,47.62,47.49,,59.69,47.12,,54.85,44.37,
Orotic_acid,C5 H4 N2 O4,156.018,8.4,,156.0183,156.0182,156.0177,156.0187,156.0184,156.0177,156.0177,156.018,156.0175,156.0153,156.0181,156.0178,156.018,156.0184,156.0179,,156.0181,156.0179,156.0154,156.0185,156.018,156.0183,156.0154,156.0187,156.0183,156.0157,156.0183,156.0182,8.354,8.353,8.465,8.425,8.443,8.411,8.339,8.415,8.422,8.356,8.397,8.423,8.321,8.396,8.33,,8.361,8.407,8.427,8.383,8.356,8.403,8.422,8.423,8.38,8.352,8.426,8.361,32899,30293,25901,39451,33324,41431,2618,9877,26319,32692,31494,43265,39390,40491,38630,,30346,34978,27019,42642,42226,31808,31291,27417,38051,19403,38137,34937,,,,,,,,,,,,,,,,,,,,,,,,,,,,,78.07,72.21,67.08,78,76.59,75.39,67.04,64.56,68.3,74.49,74.72,78.75,70.89,73.88,59.89,,68.97,72.32,71.19,79.42,79.28,73.02,71.64,70.9,76.22,74.54,78.91,74.11
Phenylpyruvic_Acid,C9 H8 O3,164.0473,13.98,,,164.0477,164.0473,164.0478,164.0472,164.0473,,,164.0471,164.0464,164.0474,164.0471,164.0474,164.047,,,164.0476,164.0473,164.0467,164.0474,164.0475,164.0476,164.0465,164.0474,164.0474,164.0471,164.047,164.0474,,13.965,14.011,13.995,13.997,13.99,,,13.993,13.96,13.984,13.977,13.966,13.976,,,13.965,13.986,13.997,13.971,13.977,13.974,13.968,13.985,13.951,13.965,13.988,13.948,,71623,67876,22064,62944,73941,,,25134,73618,79338,20037,57331,71465,,,24057,71428,71335,24973,60734,55561,26961,67057,78940,18339,66770,76250,,,,,,,,,,,,,,,,,,,,,,,,,,,,,,85.23,82.75,75.54,84.25,84.52,,,74.78,68.24,84.89,70.56,83.46,85.27,,,72.43,84.48,84.72,67.83,83.85,78.47,77.03,84.14,85.6,68.53,84.12,85.58
Phosphoenolpyruvic_acid,C3 H5 O6 P,167.9822,12.37,,167.982,167.9819,167.9829,167.9816,167.9818,167.9827,167.9828,167.9833,167.9827,167.9821,167.9818,167.9829,167.9832,167.9821,167.9829,167.9827,167.9816,167.9823,167.9823,167.9817,167.9833,167.9823,167.9823,167.9819,167.9819,167.9822,167.9821,167.9814,12.336,12.344,12.373,12.391,12.409,12.352,12.529,12.273,12.38,12.33,12.371,12.373,12.337,12.346,12.44,12.373,12.369,12.365,12.368,12.391,12.339,12.319,12.372,12.372,12.33,12.343,12.375,12.343,5133,18525,4535,6752,7468,10655,353,874,4033,17999,9564,6500,8478,11006,19011,8186,4482,14992,9132,6746,9520,8842,6726,12961,9786,6485,9745,10096,,,,,,,,,,,,,,,,,,,,,,,,,,,,,65.66,86.71,67.2,66.25,65.38,84.27,67.46,67.4,67.66,85.71,84.65,67.13,85.68,83.5,66.11,67.33,64.88,87.01,84.86,66.14,62.5,84.65,67.21,86.52,85.77,67.63,84.29,73.73
Pyruvic_acid,C3 H4 O3,88.0163,9.03,,88.0163,88.0163,88.0162,88.0163,88.0163,88.0163,88.0163,88.0162,88.0161,88.0159,88.0163,88.0163,88.0163,88.016,,,88.0162,88.0163,88.016,88.0163,88.0164,88.0163,88.016,88.0163,88.0163,88.016,88.0163,88.0163,8.986,8.993,9.089,9.057,9.083,9.059,9.07,8.98,8.896,8.987,9.046,9.055,8.969,9.045,,,9.018,9.039,9.067,9.007,9.005,9.027,9.054,9.046,9.004,8.993,9.049,8.984,3789354,3902053,3001014,5915173,4401461,6355289,37477,21256,1001987,3896548,5521237,4042695,4624611,6074399,,,3598567,4316508,4460194,5624478,3116740,5434813,4265631,3572958,4703299,4420433,4640754,6588915,,,,,,,,,,,,,,,,,,,,,,,,,,,,,87.65,92.68,95.3,87.52,88.7,95.22,95.1,92.66,96.06,87.8,91.69,95.05,92.34,87.58,,,92.68,93.99,88.21,88.42,93.59,92.14,87.76,87.54,89.93,89.75,87.54,90.55
Succinic_acid,C4 H6 O4,118.0268,9.91,,118.0268,118.0268,118.0269,118.0268,118.0268,118.0269,118.0266,118.0269,118.0268,118.0266,118.0269,118.0269,,118.0268,118.0269,,118.0269,118.0268,118.0268,118.0268,118.0268,118.0269,118.0267,118.0267,118.0269,118.0268,118.0267,118.027,9.85,9.858,9.953,9.921,9.946,9.915,9.919,9.928,9.927,9.86,9.91,9.92,,9.901,9.868,,9.875,9.904,9.923,9.88,9.869,9.891,9.919,9.911,9.869,9.857,9.914,9.857,3272131,18202987,2938807,4622168,15179397,3646201,747004,2306267,2090159,18329668,3252277,4514361,,3170084,5627150,,2701843,18862949,2802464,4632628,15593693,2667936,3040861,14847323,3772564,3381133,13250833,3233745,,,,,,,,,,,,,,,,,,,,,,,,,,,,,87.36,87.75,87.68,87.58,87.75,87.76,85.41,87.39,87.35,87.59,87.64,87.55,,87.44,86.94,,87.58,87.65,87.4,87.76,87.77,87.27,87.52,87.82,87.75,87.42,87.81,87.36
Thiamine,C12 H17 N4 O S,265.1123,1.15,,265.1123,,265.1107,265.113,,265.1136,265.1095,265.1105,265.1093,265.1123,265.1113,265.1128,,,265.1133,,265.1127,,265.1129,265.1131,265.1138,,265.1123,265.1119,,265.1117,,265.1115,1.145,,1.148,1.149,,1.185,1.088,1.098,1.138,1.147,1.147,1.156,,,1.079,,1.128,,1.16,1.133,1.181,,1.147,1.147,,1.135,,1.11,118558,,28008,124034,,110940,46685,40706,53435,6073,30175,133332,,,37745,,116977,,85520,125097,110815,,106204,8062,,40103,,13609,,,,,,,,,,,,,,,,,,,,,,,,,,,,,64.16,,64.23,57.69,,61.88,62.62,65.24,62.6,67.4,65.72,66.83,,,62.19,,67.12,,65.79,59.69,61.89,,66.34,67.01,,58.98,,67.16
Aconitate,C6 H6 O6,174.016,12.16,,174.0159,174.0163,174.0158,174.016,174.016,174.0161,,174.0154,174.0164,174.0158,174.016,174.016,174.0162,174.0161,,174.0178,174.0164,174.016,174.0159,174.0158,174.0159,174.0161,174.0159,174.0184,174.0159,174.0159,174.0161,174.0157,12.129,12.144,12.215,12.166,12.184,12.169,,12.189,12.172,12.139,12.197,12.173,12.146,12.155,,12.19,12.136,12.157,12.168,12.15,12.156,12.153,12.172,12.156,12.147,12.152,12.184,12.136,46693,83581,53184,65674,79919,147222,,10725,34076,66112,69778,68829,84047,163804,,20608,30018,75376,76660,78244,84700,112098,33953,53353,78401,66742,61608,139242,,,,,,,,,,,,,,,,,,,,,,,,,,,,,85.54,84.36,84.48,86.03,85.7,86.28,,82.39,74.11,85.5,85.44,85.51,85.09,86.33,,83.36,85.5,85.65,85.74,85.99,85.28,86.39,85.02,84.02,86.18,85.48,85.24,83.9
Trehalose,C12 H22 O11,342.1155,1.34,,342.1155,342.1155,342.1156,342.1151,342.1151,342.1152,342.114,,342.1157,342.1155,342.1155,342.1157,342.1152,342.1149,342.1149,342.1148,342.1156,342.1156,342.1154,342.1157,342.1151,342.115,342.1155,342.1155,342.1156,342.1158,342.115,342.1147,1.27,1.319,1.298,1.382,1.376,1.376,1.105,,1.271,1.321,1.305,1.389,1.37,1.379,1.339,1.34,1.311,1.273,1.276,1.366,1.388,1.369,1.28,1.272,1.313,1.36,1.375,1.368,4082646,3510953,3320313,560582,532380,463365,17260,,3743006,3804764,3461586,505772,399455,509340,404436,504085,3370440,3710733,3236488,488006,407064,359166,3504523,3273770,3519219,395781,394403,400897,,,,,,,,,,,,,,,,,,,,,,,,,,,,,94.88,95.65,95.68,82.62,82.18,82.66,67.54,,96.15,97.61,97.93,97.44,80.19,81.38,78.62,78.27,95.6,95.93,97.11,83.36,93.6,81.42,97.65,97.93,95.21,82.49,80.08,73.98
UDP,C9 H14 N2 O12 P2,404.0009,12.41,,404.0009,404.0008,404.0005,404.0009,404.0012,404.0006,,,404.0005,404.0012,404.001,404.0006,404.0008,404.0011,404.0003,404.0003,404.0011,404.0009,404.0014,404.0012,404.0009,404.0007,404.0013,404.0012,404.0012,404.0016,404.0017,404.0012,12.395,12.394,12.448,12.424,12.442,12.402,,,12.421,12.388,12.413,12.414,12.37,12.412,12.44,12.398,12.394,12.398,12.418,12.399,12.405,12.394,12.43,12.406,12.396,12.418,12.417,12.393,26056,29708,11019,27187,19067,24647,,,16750,30173,24781,29189,23621,28137,18842,13606,13768,32428,18279,25105,22375,24722,22706,31201,21233,16369,17118,20570,,,,,,,,,,,,,,,,,,,,,,,,,,,,,74,65.56,66,76.94,59.27,66.54,,,66.64,78.14,64.73,75.81,67.7,75.83,62.65,67.06,66.24,78.63,64.55,56.25,67.72,67.41,77.93,57.05,77.05,64.59,64.14,63.48
UMP,C9 H13 N2 O9 P,324.0365,8.63,,324.0367,324.0362,324.0365,324.0364,324.0366,324.0364,324.037,324.0366,324.0365,324.0365,324.0362,324.0366,324.0363,324.0367,324.0368,324.0353,324.0365,324.036,324.0366,324.0366,324.0365,324.0364,324.0367,324.0357,324.0367,324.038,324.0374,324.0368,8.587,8.594,8.706,8.674,8.692,8.66,8.588,8.573,8.68,8.563,8.646,8.664,8.562,8.638,8.559,8.573,8.627,8.648,8.676,8.616,8.597,8.636,8.672,8.656,8.622,8.602,8.659,8.594,56111,58950,37914,66150,32208,64407,8811,16656,35339,59886,71078,69668,58397,58109,434344,16437,75024,81662,59180,54478,59912,115103,66307,67840,80849,92439,53147,55677,,,,,,,,,,,,,,,,,,,,,,,,,,,,,74.56,79.04,79.21,73,78.84,74.11,68.81,67.9,79.37,73.85,75.84,75.19,80,73.91,71.51,69.42,78.01,76.39,75.22,73.34,77.83,79.05,74.68,69.76,78.65,70.94,73.54,74.81
Uridine_5_diphosphogalactose,C15 H24 N2 O17 P2,566.0558,12.15,,566.0549,566.0549,566.0547,566.057,566.0568,566.057,,,566.055,566.0547,566.0547,566.0571,566.0571,566.0569,566.0534,566.0591,566.055,566.0548,566.0547,566.0571,566.057,566.0573,566.0549,566.0547,566.0548,566.0566,566.0569,566.0574,12.112,12.136,12.19,12.158,12.184,12.16,,,12.147,12.122,12.164,12.156,12.121,12.155,12.146,12.207,12.12,12.149,12.151,12.142,12.139,12.153,12.147,12.148,12.122,12.136,12.176,12.127,3294195,3544258,1231302,596160,634219,822228,,,2589757,3252327,3119125,542731,718704,641050,71838,21865,2442140,3710138,2795022,526002,718430,523502,3132715,3263927,2738050,428646,642764,606091,,,,,,,,,,,,,,,,,,,,,,,,,,,,,98.17,98.44,96.52,95.86,95.04,95.62,,,97.93,97.37,98.19,95.64,95.95,94.15,89.81,88.13,98.23,98.24,97.06,95.25,96,95.21,97.57,97.99,98.14,93.4,94.74,95.21
